project,new events,unique new events,new events in fragment,unique new events in fragment,new traces,unique new traces,new traces with events in fragment,unique new traces with events in fragment,new violations,new unique violation,new violations in fragment,new unique violation in fragment
apache-sling-org-apache-sling-servlets-resolver-75e62e657fc0b2dbbc90287cba23a24116152fce-ServletResourceProviderFactory-L221_L229,631,66,0,0,17,16,0,0,2,2,1,1
apache-xmlgraphics-commons-d5d782f9fce99774ef206a4a4437fc86f711d9d9-DoubleFormatUtil-L102_L179,179,7,0,0,65,7,0,0,441,2,441,2
apache-xmlgraphics-commons-d5d782f9fce99774ef206a4a4437fc86f711d9d9-ImageImplRegistry-L325_L343,126,5,0,0,5,5,0,0,1,1,1,1
apache-xmlgraphics-commons-d5d782f9fce99774ef206a4a4437fc86f711d9d9-PNGImageDecoder-L373_L464,14277,77,5,1,106,49,1,1,3705,5,0,0
apache-xmlgraphics-commons-d5d782f9fce99774ef206a4a4437fc86f711d9d9-PNGImageEncoder-L649_L675,359,37,26,1,51,12,1,1,6,1,0,0
apache-xmlgraphics-commons-d5d782f9fce99774ef206a4a4437fc86f711d9d9-PSImageUtils-L298_L320,2635,141,230,6,66,18,3,3,1,1,1,1
apache-xmlgraphics-commons-d5d782f9fce99774ef206a4a4437fc86f711d9d9-ResourceTracker-L92_L95,52,11,6,1,6,6,1,1,0,0,0,0
apache-commons-imaging-d3b3b534198d2b0b631379515e2b53905b425e70-XpmImageParser-L311_L351,137,57,47,7,31,12,3,3,0,0,0,0
apache-commons-imaging-d3b3b534198d2b0b631379515e2b53905b425e70-XpmImageParser-L360_L405,153,27,17,2,25,10,2,2,0,0,0,0
apache-commons-imaging-d3b3b534198d2b0b631379515e2b53905b425e70-XpmImageParser-L428_L452,142,59,50,3,58,11,3,3,0,0,0,0
apache-commons-imaging-d3b3b534198d2b0b631379515e2b53905b425e70-XpmImageParser-L553_L577,10628621,105,100,8,65,17,6,6,0,0,0,0
apache-commons-imaging-d3b3b534198d2b0b631379515e2b53905b425e70-XpmImageParser-L553_L582,1186,72,53,5,67,20,5,5,0,0,0,0
apache-dubbo-hessian-lite-ca001b4658227d5122f85bcb45032a0dac4faf0d-ClassFactory-L146_L161,1090,210,225,4,114,26,3,3,0,0,0,0
apache-dubbo-hessian-lite-ca001b4658227d5122f85bcb45032a0dac4faf0d-EnumDeserializer-L127_L134,42,29,23,1,29,7,1,1,0,0,0,0
apache-dubbo-hessian-lite-ca001b4658227d5122f85bcb45032a0dac4faf0d-Hessian2Input-L2861_L2866,23,21,16,3,18,7,2,2,0,0,0,0
apache-dubbo-hessian-lite-ca001b4658227d5122f85bcb45032a0dac4faf0d-HessianInput-L920_L968,168,84,168,2,84,6,2,2,0,0,0,0
apache-dubbo-hessian-lite-ca001b4658227d5122f85bcb45032a0dac4faf0d-SerializerFactory-L666_L695,179096,148,34,1,40,15,1,1,0,0,0,0
apache-dubbo-hessian-lite-ca001b4658227d5122f85bcb45032a0dac4faf0d-SqlDateDeserializer-L122_L129,53,36,30,1,36,7,1,1,0,0,0,0
apache-dubbo-hessian-lite-ca001b4658227d5122f85bcb45032a0dac4faf0d-StringValueDeserializer-L119_L126,31,19,13,1,19,7,1,1,0,0,0,0
apache-sling-org-apache-sling-servlets-resolver-75e62e657fc0b2dbbc90287cba23a24116152fce-BundledScriptTracker-L718_L745,32,12,7,3,10,10,3,3,0,0,0,0
apache-sling-org-apache-sling-servlets-resolver-75e62e657fc0b2dbbc90287cba23a24116152fce-BundledScriptTracker-L723_L742,268,43,6,2,65,25,2,2,0,0,0,0
apache-sling-org-apache-sling-servlets-resolver-75e62e657fc0b2dbbc90287cba23a24116152fce-BundledScriptTracker-L723_L745,6352,73,21,2,153,36,2,2,0,0,0,0
apache-sling-org-apache-sling-servlets-resolver-75e62e657fc0b2dbbc90287cba23a24116152fce-MergingServletResourceProvider-L91_L114,4240,90,93,1,54,11,1,1,0,0,0,0
apache-sling-org-apache-sling-servlets-resolver-75e62e657fc0b2dbbc90287cba23a24116152fce-MergingServletResourceProvider-L96_L100,31,26,24,6,13,9,3,2,0,0,0,0
apache-sling-org-apache-sling-servlets-resolver-75e62e657fc0b2dbbc90287cba23a24116152fce-ServletResourceProviderFactory-L290_L338,8068,220,7612,22,1532,20,27,7,0,0,0,0
apache-sling-org-apache-sling-servlets-resolver-75e62e657fc0b2dbbc90287cba23a24116152fce-ServletResourceProviderFactory-L308_L337,3387,90,3184,4,566,14,27,4,0,0,0,0
apache-sling-org-apache-sling-servlets-resolver-75e62e657fc0b2dbbc90287cba23a24116152fce-SlingServletResolver-L540_L573,9157,68,4991,1,67,18,1,1,0,0,0,0
apache-sling-org-apache-sling-servlets-resolver-75e62e657fc0b2dbbc90287cba23a24116152fce-SlingServletResolver-L677_L679,4,4,4,1,4,2,1,1,0,0,0,0
apache-sling-org-apache-sling-servlets-resolver-75e62e657fc0b2dbbc90287cba23a24116152fce-WebConsolePlugin-L422_L446,159,21,12,4,18,12,3,2,0,0,0,0
apache-sling-org-apache-sling-servlets-resolver-75e62e657fc0b2dbbc90287cba23a24116152fce-WebConsolePlugin-L422_L448,157,21,12,5,18,12,3,2,0,0,0,0
apache-xmlgraphics-commons-d5d782f9fce99774ef206a4a4437fc86f711d9d9-AbstractResourcesDSCComment-L119_L140,661,302,594,2,302,11,2,2,0,0,0,0
apache-xmlgraphics-commons-d5d782f9fce99774ef206a4a4437fc86f711d9d9-ASCII85InputStream-L123_L149,2,2,2,1,2,1,1,1,0,0,0,0
apache-xmlgraphics-commons-d5d782f9fce99774ef206a4a4437fc86f711d9d9-CIELabColorSpace-L95_L101,32,18,32,2,18,4,2,2,0,0,0,0
apache-xmlgraphics-commons-d5d782f9fce99774ef206a4a4437fc86f711d9d9-ClasspathResource-L84_L107,14,12,7,3,6,6,1,1,0,0,0,0
apache-xmlgraphics-commons-d5d782f9fce99774ef206a4a4437fc86f711d9d9-DSCParser-L135_L163,115,20,9,2,15,9,2,2,0,0,0,0
apache-xmlgraphics-commons-d5d782f9fce99774ef206a4a4437fc86f711d9d9-DSCParser-L148_L158,25,9,4,1,9,7,1,1,0,0,0,0
apache-xmlgraphics-commons-d5d782f9fce99774ef206a4a4437fc86f711d9d9-FileCacheSeekableStream-L227_L232,0,0,0,0,0,0,0,0,0,0,0,0
apache-xmlgraphics-commons-d5d782f9fce99774ef206a4a4437fc86f711d9d9-Glyphs-L655_L679,148,40,88,1,40,10,1,1,3,1,0,0
apache-xmlgraphics-commons-d5d782f9fce99774ef206a4a4437fc86f711d9d9-Glyphs-L655_L707,55165,194,252,7,4649,43,6,6,12,2,0,0
apache-xmlgraphics-commons-d5d782f9fce99774ef206a4a4437fc86f711d9d9-ImageImplRegistry-L328_L342,636,142,186,2,104,19,2,2,0,0,0,0
apache-xmlgraphics-commons-d5d782f9fce99774ef206a4a4437fc86f711d9d9-ImageIOTIFFImageWriter-L109_L119,86,32,45,2,29,15,2,2,0,0,0,0
apache-xmlgraphics-commons-d5d782f9fce99774ef206a4a4437fc86f711d9d9-ImageLoaderRawJPEG-L223_L257,755,48,18,1,48,29,1,1,0,0,0,0
apache-xmlgraphics-commons-d5d782f9fce99774ef206a4a4437fc86f711d9d9-ImageManager-L187_L197,4711,145,63,1,135,50,1,1,0,0,0,0
apache-xmlgraphics-commons-d5d782f9fce99774ef206a4a4437fc86f711d9d9-ImageWriterRegistry-L147_L155,18184,221,13553,5,105,45,3,3,0,0,0,0
apache-xmlgraphics-commons-d5d782f9fce99774ef206a4a4437fc86f711d9d9-ImageWriterRegistry-L148_L154,5155,81,2990,2,70,26,2,2,0,0,0,0
apache-xmlgraphics-commons-d5d782f9fce99774ef206a4a4437fc86f711d9d9-MemoryCacheSeekableStream-L232_L237,0,0,0,0,0,0,0,0,0,0,0,0
apache-xmlgraphics-commons-d5d782f9fce99774ef206a4a4437fc86f711d9d9-NamedColorProfileParser-L103_L139,284,130,126,61,126,14,61,2,0,0,0,0
apache-xmlgraphics-commons-d5d782f9fce99774ef206a4a4437fc86f711d9d9-NamedColorSpace-L95_L101,22,15,22,2,15,4,2,2,0,0,0,0
apache-xmlgraphics-commons-d5d782f9fce99774ef206a4a4437fc86f711d9d9-PNGFile-L197_L208,249,84,108,3,89,32,3,3,0,0,0,0
apache-xmlgraphics-commons-d5d782f9fce99774ef206a4a4437fc86f711d9d9-PNGFile-L227_L254,287,47,17,2,52,25,2,2,0,0,0,0
apache-xmlgraphics-commons-d5d782f9fce99774ef206a4a4437fc86f711d9d9-PNGFile-L78_L119,462,83,168,1,99,17,1,1,0,0,0,0
apache-xmlgraphics-commons-d5d782f9fce99774ef206a4a4437fc86f711d9d9-PNGImageDecoder-L1098_L1108,275,75,70,4,7,7,1,1,0,0,0,0
apache-xmlgraphics-commons-d5d782f9fce99774ef206a4a4437fc86f711d9d9-PNGImageDecoder-L1186_L1191,265,44,41,4,47,29,3,3,0,0,0,0
apache-xmlgraphics-commons-d5d782f9fce99774ef206a4a4437fc86f711d9d9-PNGImageDecoder-L369_L477,466,56,15,3,93,42,2,2,0,0,0,0
apache-xmlgraphics-commons-d5d782f9fce99774ef206a4a4437fc86f711d9d9-PNGImageDecoder-L527_L594,1391,130,92,5,54,27,2,2,0,0,0,0
apache-xmlgraphics-commons-d5d782f9fce99774ef206a4a4437fc86f711d9d9-PreloaderTIFF-L145_L180,275,18,0,0,15,11,0,0,0,0,0,0
apache-xmlgraphics-commons-d5d782f9fce99774ef206a4a4437fc86f711d9d9-PSImageUtils-L186_L195,59651714,61,22,2,56,16,1,1,0,0,0,0
apache-xmlgraphics-commons-d5d782f9fce99774ef206a4a4437fc86f711d9d9-PSImageUtils-L231_L246,394,83,185,1,82,11,1,1,0,0,0,0
apache-xmlgraphics-commons-d5d782f9fce99774ef206a4a4437fc86f711d9d9-PSImageUtils-L249_L258,189724,74,34,2,72,16,1,1,0,0,0,0
apache-xmlgraphics-commons-d5d782f9fce99774ef206a4a4437fc86f711d9d9-PSImageUtils-L286_L290,661,46,18,2,24,16,1,1,0,0,0,0
apache-xmlgraphics-commons-d5d782f9fce99774ef206a4a4437fc86f711d9d9-PSImageUtils-L306_L318,1792,77,197,2,72,18,2,2,0,0,0,0
apache-xmlgraphics-commons-d5d782f9fce99774ef206a4a4437fc86f711d9d9-PSImageUtils-L349_L393,1299,9,10,1,9,7,1,1,0,0,0,0
apache-xmlgraphics-commons-d5d782f9fce99774ef206a4a4437fc86f711d9d9-PSResource-L97_L100,0,0,0,0,0,0,0,0,0,0,0,0
apache-xmlgraphics-commons-d5d782f9fce99774ef206a4a4437fc86f711d9d9-TIFFDirectory-L591_L598,124,6,0,0,6,6,0,0,0,0,0,0
apache-xmlgraphics-commons-d5d782f9fce99774ef206a4a4437fc86f711d9d9-TIFFImageEncoder-L247_L395,5057,228,216,3,9,9,1,1,0,0,0,0
apache-xmlgraphics-commons-d5d782f9fce99774ef206a4a4437fc86f711d9d9-TIFFImageEncoder-L951_L988,1934,97,92,1,97,6,1,1,0,0,0,0
apache-xmlgraphics-commons-d5d782f9fce99774ef206a4a4437fc86f711d9d9-TIFFImageEncoder-L97_L109,3620,301,59,2,95,33,2,2,0,0,0,0
apache-xmlgraphics-commons-d5d782f9fce99774ef206a4a4437fc86f711d9d9-XMPHandler-L259_L293,580,16,9,1,15,7,1,1,0,0,0,0
dnsjava-dnsjava-206c9e51ac18e1ed6f82beb16cb6c0ff1f83b095-Cache-L264_L285,7390,26,0,0,45,13,0,0,2,2,2,2
dnsjava-dnsjava-206c9e51ac18e1ed6f82beb16cb6c0ff1f83b095-Cache-L589_L594,1736,54,24,2,39,26,2,2,0,0,0,0
dnsjava-dnsjava-206c9e51ac18e1ed6f82beb16cb6c0ff1f83b095-Cache-L633_L732,2725,337,312,4,161,45,4,4,0,0,0,0
dnsjava-dnsjava-206c9e51ac18e1ed6f82beb16cb6c0ff1f83b095-DohResolver-L386_L414,118,24,18,3,17,10,3,3,8,2,8,2
dnsjava-dnsjava-206c9e51ac18e1ed6f82beb16cb6c0ff1f83b095-Generator-L113_L221,456,262,380,34,167,50,30,23,0,0,0,0
dnsjava-dnsjava-206c9e51ac18e1ed6f82beb16cb6c0ff1f83b095-NioTcpClient-L139_L141,139,7,0,0,6,6,0,0,2,1,2,1
dnsjava-dnsjava-206c9e51ac18e1ed6f82beb16cb6c0ff1f83b095-NioTcpClient-L241_L247,149,16,8,2,16,12,2,2,4,2,4,2
dnsjava-dnsjava-206c9e51ac18e1ed6f82beb16cb6c0ff1f83b095-TCPClient-L34_L39,425,11,2,2,8,8,2,2,1,1,1,1
lastaflute-lastaflute-01201e2eee995053bf6f9febcf58ace01ed38c30-AbstractBasedRestfulRouter-L180_L205,324,111,127,4,75,18,4,4,0,0,0,0
attoparser-attoparser-e1049dcd8261fe315b679029e711a9f5ea03f1cc-TextUtil-L751_L756,0,0,0,0,0,0,0,0,0,0,0,0
bkatwal-kafka-solr-sink-connector-f0d022607f3d5419053bfb0c87a710fb37e00896-PlainJsonDocMappersImpl-L82_L88,3802,54,318,2,7,7,1,1,4,2,4,2
bruceran-krpc-33c83d78574a472e3cbfc75afa87ec57253cc90c-DefaultServiceMetas-L129_L172,12,9,4,1,7,7,1,1,1,1,1,1
bruceran-krpc-33c83d78574a472e3cbfc75afa87ec57253cc90c-DefaultValidator-L88_L120,176,54,57,1,35,9,1,1,0,0,0,0
bruceran-krpc-33c83d78574a472e3cbfc75afa87ec57253cc90c-DefaultWebReq-L166_L175,637,6,0,0,5,5,0,0,3,3,3,3
bruceran-krpc-33c83d78574a472e3cbfc75afa87ec57253cc90c-MessageToBean-L218_L226,1700,32,23,1,29,7,1,1,0,0,0,0
bruceran-krpc-33c83d78574a472e3cbfc75afa87ec57253cc90c-RpcCallableBase-L653_L660,100572,519,30,1,5083,486,1,1,0,0,0,0
bruceran-krpc-33c83d78574a472e3cbfc75afa87ec57253cc90c-RpcCallableBase-L926_L948,99360,547,65,4,4987,487,5,5,0,0,0,0
dnsjava-dnsjava-206c9e51ac18e1ed6f82beb16cb6c0ff1f83b095-LOCRecord-L199_L212,95,91,85,12,20,12,7,3,0,0,0,0
dnsjava-dnsjava-206c9e51ac18e1ed6f82beb16cb6c0ff1f83b095-TXTBase-L82_L89,4219,93,33,4,175,31,4,4,0,0,0,0
EXIficient-exificient-core-fce10c39fe654c9ae9660454ac6d6d2abc6a48ac-DateTimeValue-L140_L241,497,25,3,1,101,34,1,1,0,0,0,0
fabric8io-docker-maven-plugin-40371e754a6f3122af6d3019508c364627580935-AwsSigner4Request-L174_L181,982,69,102,6,24,12,3,3,5,4,5,4
fabric8io-docker-maven-plugin-40371e754a6f3122af6d3019508c364627580935-BuildImageConfiguration-L803_L810,2313,176,151,4,96,26,3,3,1,1,1,1
fabric8io-docker-maven-plugin-40371e754a6f3122af6d3019508c364627580935-BuildService-L253_L258,270,59,34,3,25,17,3,3,0,0,0,0
fabric8io-docker-maven-plugin-40371e754a6f3122af6d3019508c364627580935-BuildService-L316_L326,1604,127,386,3,79,34,3,3,0,0,0,0
fabric8io-docker-maven-plugin-40371e754a6f3122af6d3019508c364627580935-BuildService-L372_L394,201,89,85,4,57,17,4,4,0,0,0,0
fabric8io-docker-maven-plugin-40371e754a6f3122af6d3019508c364627580935-BuildXService-L145_L206,73,44,0,0,12,12,0,0,0,0,0,0
fabric8io-docker-maven-plugin-40371e754a6f3122af6d3019508c364627580935-ConfigHelper-L145_L149,141,46,77,2,28,14,2,2,0,0,0,0
fabric8io-docker-maven-plugin-40371e754a6f3122af6d3019508c364627580935-ConfigHelper-L62_L66,1115,142,99,6,74,29,6,6,0,0,0,0
fabric8io-docker-maven-plugin-40371e754a6f3122af6d3019508c364627580935-ContainerNamingUtil-L152_L161,1629,15,8,2,14,8,2,2,0,0,0,0
fabric8io-docker-maven-plugin-40371e754a6f3122af6d3019508c364627580935-ContainerTracker-L127_L140,5107,39,20,3,34,16,2,2,0,0,0,0
fabric8io-docker-maven-plugin-40371e754a6f3122af6d3019508c364627580935-ContainerTracker-L149_L155,1447,67,789,8,36,22,6,6,0,0,0,0
fabric8io-docker-maven-plugin-40371e754a6f3122af6d3019508c364627580935-ContainerTracker-L167_L174,215,79,86,4,45,16,4,4,0,0,0,0
fabric8io-docker-maven-plugin-40371e754a6f3122af6d3019508c364627580935-DockerComposeServiceWrapper-L387_L399,962,213,351,5,138,23,5,5,0,0,0,0
fabric8io-docker-maven-plugin-40371e754a6f3122af6d3019508c364627580935-DockerFileBuilder-L267_L295,503,219,458,35,107,22,33,7,0,0,0,0
fabric8io-docker-maven-plugin-40371e754a6f3122af6d3019508c364627580935-DockerFileBuilder-L345_L357,4123,432,535,4,247,24,4,4,0,0,0,0
fabric8io-docker-maven-plugin-40371e754a6f3122af6d3019508c364627580935-ImageNameFormatter-L223_L245,32,19,13,13,19,9,13,3,0,0,0,0
fabric8io-docker-maven-plugin-40371e754a6f3122af6d3019508c364627580935-JibServiceUtil-L328_L332,828,61,251,6,77,21,5,5,0,0,0,0
fabric8io-docker-maven-plugin-40371e754a6f3122af6d3019508c364627580935-UrlBuilder-L276_L284,8390,279,6397,27,164,19,25,4,0,0,0,0
fizzed-jne-199d45bd8728807b61356fd1c0f17079b567ed60-NativeTarget-L300_L318,175,8,0,0,6,6,0,0,0,0,0,0
googleapis-disco-to-proto3-converter-32cf5993853b1218e97e54c556f3922f49014eb8-DocumentToProtoConverter-L338_L512,424,111,140,4,73,27,4,4,0,0,0,0
googleapis-disco-to-proto3-converter-32cf5993853b1218e97e54c556f3922f49014eb8-Proto3Writer-L138_L187,154,18,20,3,13,11,3,3,0,0,0,0
Isaac315-sql-translator-78f3fb0091c94563a640ef672de3e75e2b5c3bb2-OracleToMySqlOutputVisitor-L292_L331,6617,324,14,1,75,36,1,1,0,0,0,0
jahlborn-jackcess-22bf8a8642c84fc500f5c66ef59de1f7211f93a3-BaseSelectQueryImpl-L93_L96,37,26,28,6,16,11,5,3,0,0,0,0
jahlborn-jackcess-22bf8a8642c84fc500f5c66ef59de1f7211f93a3-BaseSelectQueryImpl-L93_L97,37,26,28,7,16,11,7,5,0,0,0,0
jahlborn-jackcess-22bf8a8642c84fc500f5c66ef59de1f7211f93a3-ComplexColumnSupport-L74_L96,3234,21,0,0,22,12,0,0,0,0,0,0
jahlborn-jackcess-22bf8a8642c84fc500f5c66ef59de1f7211f93a3-CompoundOleUtil-L105_L114,44,8,0,0,9,8,0,0,0,0,0,0
jahlborn-jackcess-22bf8a8642c84fc500f5c66ef59de1f7211f93a3-DatabaseImpl-L1416_L1432,1905,86,0,0,29,19,0,0,0,0,0,0
jahlborn-jackcess-22bf8a8642c84fc500f5c66ef59de1f7211f93a3-DatabaseImpl-L1681_L1738,143,17,0,0,9,9,0,0,0,0,0,0
jahlborn-jackcess-22bf8a8642c84fc500f5c66ef59de1f7211f93a3-Expressionator-L1263_L1301,222,37,21,21,29,14,21,6,0,0,0,0
jahlborn-jackcess-22bf8a8642c84fc500f5c66ef59de1f7211f93a3-Expressionator-L617_L639,1547,7,0,0,6,6,0,0,0,0,0,0
jahlborn-jackcess-22bf8a8642c84fc500f5c66ef59de1f7211f93a3-PatternColumnPredicate-L67_L84,1044,34,18,15,38,23,15,8,0,0,0,0
jai-imageio-jai-imageio-core-f81bc1ab19faa210ad289c6ae2588bc1157fd07a-GIFImageWriter-L165_L199,139,5,0,0,5,5,0,0,0,0,0,0
jai-imageio-jai-imageio-core-f81bc1ab19faa210ad289c6ae2588bc1157fd07a-PCXImageReader-L412_L417,256,90,83,1,88,6,1,1,0,0,0,0
jai-imageio-jai-imageio-core-f81bc1ab19faa210ad289c6ae2588bc1157fd07a-TIFFField-L586_L591,48,5,0,0,5,5,0,0,0,0,0,0
lastaflute-lastaflute-01201e2eee995053bf6f9febcf58ace01ed38c30-ActionMapping-L315_L321,58,21,12,1,8,8,1,1,1,1,1,1
lastaflute-lastaflute-01201e2eee995053bf6f9febcf58ace01ed38c30-ActionValidator-L592_L614,630,75,67,12,41,27,11,5,0,0,0,0
lastaflute-lastaflute-01201e2eee995053bf6f9febcf58ace01ed38c30-FormCoinsHelper-L320_L326,98,48,60,5,33,16,5,4,0,0,0,0
lastaflute-lastaflute-01201e2eee995053bf6f9febcf58ace01ed38c30-FormCoinsHelper-L422_L424,10,10,5,2,9,8,2,2,0,0,0,0
lastaflute-lastaflute-01201e2eee995053bf6f9febcf58ace01ed38c30-FormCoinsHelper-L501_L511,1765,122,333,4,165,20,11,4,0,0,0,0
lastaflute-lastaflute-01201e2eee995053bf6f9febcf58ace01ed38c30-InOutLogger-L128_L151,267,25,63,2,24,10,2,2,0,0,0,0
lastaflute-lastaflute-01201e2eee995053bf6f9febcf58ace01ed38c30-InOutLogger-L308_L322,7,6,1,1,6,6,1,1,0,0,0,0
lastaflute-lastaflute-01201e2eee995053bf6f9febcf58ace01ed38c30-LaReflectiveTypeAdapterFactory-L144_L147,197,29,29,2,25,7,1,1,0,0,0,0
lastaflute-lastaflute-01201e2eee995053bf6f9febcf58ace01ed38c30-RequestLoggingFilter-L1023_L1035,49,6,0,0,5,5,0,0,0,0,0,0
lastaflute-lastaflute-01201e2eee995053bf6f9febcf58ace01ed38c30-RequestLoggingFilter-L548_L561,35,25,27,2,14,10,1,1,0,0,0,0
lastaflute-lastaflute-01201e2eee995053bf6f9febcf58ace01ed38c30-RestfulRomanticVerifier-L403_L440,728,220,274,2,147,14,2,2,0,0,0,0
lastaflute-lastaflute-01201e2eee995053bf6f9febcf58ace01ed38c30-UserMessages-L154_L162,240,53,43,2,35,11,2,2,0,0,0,0
lastaflute-lastaflute-01201e2eee995053bf6f9febcf58ace01ed38c30-UserMessages-L154_L163,496,284,312,10,156,43,10,10,0,0,0,0
leonhad-paradoxdriver-de3a6ad18b6c7f1d461383876339dc8086beaead-Scanner-L324_L359,779,7,0,0,6,6,0,0,0,0,0,0
leonhad-paradoxdriver-de3a6ad18b6c7f1d461383876339dc8086beaead-SelectNode-L179_L188,412,170,220,17,109,20,16,6,0,0,0,0
leonhad-paradoxdriver-de3a6ad18b6c7f1d461383876339dc8086beaead-SelectNode-L200_L209,173,81,92,9,48,23,8,6,0,0,0,0
leonhad-paradoxdriver-de3a6ad18b6c7f1d461383876339dc8086beaead-SelectNode-L221_L230,247,105,136,11,59,20,9,5,0,0,0,0
leonhad-paradoxdriver-de3a6ad18b6c7f1d461383876339dc8086beaead-SelectPlan-L175_L185,2629,110,115,1,66,13,1,1,0,0,0,0
leonhad-paradoxdriver-de3a6ad18b6c7f1d461383876339dc8086beaead-TableJoiner-L134_L173,476,122,132,5,78,23,5,5,0,0,0,0
leonhad-paradoxdriver-de3a6ad18b6c7f1d461383876339dc8086beaead-TableJoiner-L99_L121,475,78,83,3,48,14,3,3,0,0,0,0
logpresso-CVE-2021-44228-Scanner-35c37dd6941d6b77d103229302cadd473b97a816-Configuration-L581_L585,60,60,60,1,60,1,1,1,0,0,0,0
maven-nar-nar-maven-plugin-e747b5ee080b243e0b817f722a43c9c203bb4df8-AbstractDependencyMojo-L261_L294,1800,114,153,6,49,16,3,3,4,1,4,1
maven-nar-nar-maven-plugin-e747b5ee080b243e0b817f722a43c9c203bb4df8-AbstractDependencyMojo-L377_L383,1548,39,33,2,27,9,2,2,0,0,0,0
maven-nar-nar-maven-plugin-e747b5ee080b243e0b817f722a43c9c203bb4df8-AbstractLdLinker-L130_L192,5326,15,10,8,13,11,8,6,0,0,0,0
maven-nar-nar-maven-plugin-e747b5ee080b243e0b817f722a43c9c203bb4df8-AbstractNarMojo-L453_L456,80,7,2,2,7,7,2,2,0,0,0,0
maven-nar-nar-maven-plugin-e747b5ee080b243e0b817f722a43c9c203bb4df8-BorlandLinker-L259_L298,1150,65,90,35,37,19,15,7,0,0,0,0
maven-nar-nar-maven-plugin-e747b5ee080b243e0b817f722a43c9c203bb4df8-CCTask-L1120_L1128,362,7,2,1,7,6,1,1,0,0,0,0
maven-nar-nar-maven-plugin-e747b5ee080b243e0b817f722a43c9c203bb4df8-CCTask-L1239_L1331,359,77,72,2,66,9,2,2,0,0,0,0
maven-nar-nar-maven-plugin-e747b5ee080b243e0b817f722a43c9c203bb4df8-CCTask-L1240_L1331,854,18,13,1,18,6,1,1,0,0,0,0
maven-nar-nar-maven-plugin-e747b5ee080b243e0b817f722a43c9c203bb4df8-CCTask-L1254_L1351,39487,39,367,4,172,18,4,4,0,0,0,0
maven-nar-nar-maven-plugin-e747b5ee080b243e0b817f722a43c9c203bb4df8-CCTask-L515_L549,182,99,138,5,59,19,3,3,0,0,0,0
maven-nar-nar-maven-plugin-e747b5ee080b243e0b817f722a43c9c203bb4df8-CCTask-L516_L555,82,31,28,4,25,13,3,3,0,0,0,0
maven-nar-nar-maven-plugin-e747b5ee080b243e0b817f722a43c9c203bb4df8-CCTask-L797_L807,756,92,108,3,65,15,3,3,0,0,0,0
maven-nar-nar-maven-plugin-e747b5ee080b243e0b817f722a43c9c203bb4df8-CommandLineCompiler-L219_L246,40205,113,37119,9,23477,14,6099,4,0,0,0,0
maven-nar-nar-maven-plugin-e747b5ee080b243e0b817f722a43c9c203bb4df8-CommandLineCompiler-L299_L390,5261,17,0,0,14,7,0,0,0,0,0,0
maven-nar-nar-maven-plugin-e747b5ee080b243e0b817f722a43c9c203bb4df8-CommandLineLinker-L155_L171,3706,7,0,0,12,6,0,0,0,0,0,0
maven-nar-nar-maven-plugin-e747b5ee080b243e0b817f722a43c9c203bb4df8-Compiler-L262_L271,0,0,0,0,0,0,0,0,0,0,0,0
maven-nar-nar-maven-plugin-e747b5ee080b243e0b817f722a43c9c203bb4df8-CUtil-L201_L215,360,144,360,1,144,2,1,1,0,0,0,0
maven-nar-nar-maven-plugin-e747b5ee080b243e0b817f722a43c9c203bb4df8-GccLinker-L88_L93,102,6,1,1,6,6,1,1,0,0,0,0
maven-nar-nar-maven-plugin-e747b5ee080b243e0b817f722a43c9c203bb4df8-GppLinker-L271_L280,237,27,60,3,14,9,1,1,0,0,0,0
maven-nar-nar-maven-plugin-e747b5ee080b243e0b817f722a43c9c203bb4df8-GppLinker-L94_L99,148,12,7,2,11,8,2,2,0,0,0,0
maven-nar-nar-maven-plugin-e747b5ee080b243e0b817f722a43c9c203bb4df8-IccLinker-L128_L134,1587,39,104,3,34,10,2,2,0,0,0,0
maven-nar-nar-maven-plugin-e747b5ee080b243e0b817f722a43c9c203bb4df8-LibrarySet-L124_L147,7816,45,96,2,174,15,2,2,0,0,0,0
maven-nar-nar-maven-plugin-e747b5ee080b243e0b817f722a43c9c203bb4df8-Linker-L309_L344,182,6,0,0,7,6,0,0,0,0,0,0
maven-nar-nar-maven-plugin-e747b5ee080b243e0b817f722a43c9c203bb4df8-Msvc-L289_L313,626,214,520,2,214,10,2,2,0,0,0,0
maven-nar-nar-maven-plugin-e747b5ee080b243e0b817f722a43c9c203bb4df8-Msvc-L463_L484,1012,340,1012,12,340,4,12,2,0,0,0,0
maven-nar-nar-maven-plugin-e747b5ee080b243e0b817f722a43c9c203bb4df8-Msvc-L695_L783,1412,161,610,4,117,15,4,4,0,0,0,0
maven-nar-nar-maven-plugin-e747b5ee080b243e0b817f722a43c9c203bb4df8-Msvc-L712_L782,4069,941,3588,2,473,11,2,2,0,0,0,0
maven-nar-nar-maven-plugin-e747b5ee080b243e0b817f722a43c9c203bb4df8-Msvc-L847_L852,182,5,0,0,5,5,0,0,0,0,0,0
maven-nar-nar-maven-plugin-e747b5ee080b243e0b817f722a43c9c203bb4df8-NarLayout21-L261_L278,902,32,21,1,21,14,1,1,0,0,0,0
maven-nar-nar-maven-plugin-e747b5ee080b243e0b817f722a43c9c203bb4df8-NarUtil-L111_L119,207,52,111,2,33,9,2,2,0,0,0,0
maven-nar-nar-maven-plugin-e747b5ee080b243e0b817f722a43c9c203bb4df8-NarUtil-L224_L232,102,6,0,0,5,5,0,0,0,0,0,0
maven-nar-nar-maven-plugin-e747b5ee080b243e0b817f722a43c9c203bb4df8-OS390CCompiler-L114_L125,391,18,10,4,14,12,2,2,0,0,0,0
maven-nar-nar-maven-plugin-e747b5ee080b243e0b817f722a43c9c203bb4df8-OS390Linker-L128_L134,1582,39,104,3,34,10,2,2,0,0,0,0
maven-nar-nar-maven-plugin-e747b5ee080b243e0b817f722a43c9c203bb4df8-TargetHistoryTable-L273_L313,1429,42,30,2,34,11,2,2,3,1,3,1
maven-nar-nar-maven-plugin-e747b5ee080b243e0b817f722a43c9c203bb4df8-TargetHistoryTable-L353_L357,8,8,3,1,8,8,1,1,0,0,0,0
maven-nar-nar-maven-plugin-e747b5ee080b243e0b817f722a43c9c203bb4df8-TargetMatcher-L78_L118,2328,12,0,0,17,9,0,0,0,0,0,0
maven-nar-nar-maven-plugin-e747b5ee080b243e0b817f722a43c9c203bb4df8-XpidlCompiler-L119_L133,1152,112,104,1,85,11,1,1,0,0,0,0
meteoinfo-wContour-dade1e866bf3d3eab56bd09f2b1dcdac5c1ee6f6-Contour-L2895_L2921,2687,20,14,1,18,7,1,1,0,0,0,0
monkeymq-jgossip-4bfc8e791381f70d62ea4ad6d8ae952da840dd0d-GossipSettings-L68_L74,2026,12,5,1,11,8,1,1,0,0,0,0
mvel-mvel-236d37bc78a158553592afedbbf1aa27815efb78-IncludeNode-L95_L102,92,19,12,3,17,13,3,3,0,0,0,0
narupley-not-going-to-be-commons-ssl-346bb4e8481316687a643219800a398ecd8f62a8-TrustChain-L74_L105,10031,123,70,5,74,40,3,3,0,0,0,0
Neop-mudmap2-070650853bc37663525f0d62fb54a029e364eafd-WorldFileJSON-L230_L368,4754,59,24,2,199,22,1,1,0,0,0,0
Neop-mudmap2-070650853bc37663525f0d62fb54a029e364eafd-WorldFileJSON-L279_L376,27,12,8,1,10,10,1,1,0,0,0,0
nothingax-micro-DB-1bbae368f7670f94130606fa65bcbc8ccbb89b98-BPTreeTableFile-L1086_L1108,1611,28,4,2,20,14,2,2,0,0,0,0
OpenLiberty-ci.common-b48d061d33b28b6dd5d48f52f25e032e3fc45614-AbstractContainerSupportUtil-L108_L112,14,5,12,1,4,4,1,1,0,0,0,0
OpenLiberty-ci.common-b48d061d33b28b6dd5d48f52f25e032e3fc45614-AbstractContainerSupportUtil-L85_L92,14,5,12,1,4,4,1,1,0,0,0,0
OpenLiberty-ci.common-b48d061d33b28b6dd5d48f52f25e032e3fc45614-DevUtil-L1055_L1074,7414,724,3287,2,388,23,2,2,0,0,0,0
OpenLiberty-ci.common-b48d061d33b28b6dd5d48f52f25e032e3fc45614-DevUtil-L1055_L1075,1870,205,256,3,125,16,3,3,0,0,0,0
OpenLiberty-ci.common-b48d061d33b28b6dd5d48f52f25e032e3fc45614-DevUtil-L1128_L1157,212,79,211,3,79,8,3,3,0,0,0,0
OpenLiberty-ci.common-b48d061d33b28b6dd5d48f52f25e032e3fc45614-DevUtil-L1128_L1187,738,112,319,2,112,10,2,2,0,0,0,0
OpenLiberty-ci.common-b48d061d33b28b6dd5d48f52f25e032e3fc45614-DevUtil-L1138_L1187,2131,125,280,7,87,24,7,7,0,0,0,0
OpenLiberty-ci.common-b48d061d33b28b6dd5d48f52f25e032e3fc45614-DevUtil-L1241_L1258,13,9,6,1,9,9,1,1,0,0,0,0
OpenLiberty-ci.common-b48d061d33b28b6dd5d48f52f25e032e3fc45614-DevUtil-L1314_L1328,8,5,0,0,5,5,0,0,0,0,0,0
OpenLiberty-ci.common-b48d061d33b28b6dd5d48f52f25e032e3fc45614-DevUtil-L1364_L1376,69,64,59,46,16,12,5,4,0,0,0,0
OpenLiberty-ci.common-b48d061d33b28b6dd5d48f52f25e032e3fc45614-DevUtil-L1366_L1375,110,25,19,2,17,10,2,2,0,0,0,0
OpenLiberty-ci.common-b48d061d33b28b6dd5d48f52f25e032e3fc45614-DevUtil-L1386_L1399,48,15,10,6,12,12,6,6,3,2,3,2
OpenLiberty-ci.common-b48d061d33b28b6dd5d48f52f25e032e3fc45614-DevUtil-L1686_L1715,0,0,0,0,0,0,0,0,0,0,0,0
OpenLiberty-ci.common-b48d061d33b28b6dd5d48f52f25e032e3fc45614-DevUtil-L1911_L1920,139,70,138,2,70,7,2,2,0,0,0,0
OpenLiberty-ci.common-b48d061d33b28b6dd5d48f52f25e032e3fc45614-DevUtil-L1911_L1926,199,100,198,2,100,7,2,2,0,0,0,0
OpenLiberty-ci.common-b48d061d33b28b6dd5d48f52f25e032e3fc45614-DevUtil-L2003_L2015,234,52,234,2,52,4,2,2,0,0,0,0
OpenLiberty-ci.common-b48d061d33b28b6dd5d48f52f25e032e3fc45614-DevUtil-L2165_L2201,0,0,0,0,0,0,0,0,0,0,0,0
OpenLiberty-ci.common-b48d061d33b28b6dd5d48f52f25e032e3fc45614-DevUtil-L2165_L2208,42,29,36,6,17,11,3,3,0,0,0,0
OpenLiberty-ci.common-b48d061d33b28b6dd5d48f52f25e032e3fc45614-DevUtil-L2169_L2208,5,5,0,0,5,5,0,0,0,0,0,0
OpenLiberty-ci.common-b48d061d33b28b6dd5d48f52f25e032e3fc45614-DevUtil-L2240_L2291,42,17,12,4,14,10,4,4,2,1,2,1
OpenLiberty-ci.common-b48d061d33b28b6dd5d48f52f25e032e3fc45614-DevUtil-L2454_L2460,0,0,0,0,0,0,0,0,0,0,0,0
OpenLiberty-ci.common-b48d061d33b28b6dd5d48f52f25e032e3fc45614-DevUtil-L2560_L2569,2034,37,31,4,28,11,3,3,0,0,0,0
OpenLiberty-ci.common-b48d061d33b28b6dd5d48f52f25e032e3fc45614-DevUtil-L3499_L3662,531,14,9,1,10,9,1,1,0,0,0,0
OpenLiberty-ci.common-b48d061d33b28b6dd5d48f52f25e032e3fc45614-DevUtil-L3708_L3753,8947,35,29,5,34,10,5,5,0,0,0,0
OpenLiberty-ci.common-b48d061d33b28b6dd5d48f52f25e032e3fc45614-DevUtil-L3768_L3846,8886,41,2477,5,32,14,5,5,0,0,0,0
OpenLiberty-ci.common-b48d061d33b28b6dd5d48f52f25e032e3fc45614-DevUtil-L3768_L3866,2794,85,80,9,70,18,9,9,0,0,0,0
OpenLiberty-ci.common-b48d061d33b28b6dd5d48f52f25e032e3fc45614-DevUtil-L3775_L3866,3173,39,33,4,35,10,4,4,0,0,0,0
OpenLiberty-ci.common-b48d061d33b28b6dd5d48f52f25e032e3fc45614-DevUtil-L3925_L3936,1113,41,92,3,20,12,2,2,6,2,6,2
OpenLiberty-ci.common-b48d061d33b28b6dd5d48f52f25e032e3fc45614-DevUtil-L3948_L4321,5,5,0,0,5,5,0,0,0,0,0,0
OpenLiberty-ci.common-b48d061d33b28b6dd5d48f52f25e032e3fc45614-DevUtil-L3959_L4321,52,33,27,2,24,10,2,2,0,0,0,0
OpenLiberty-ci.common-b48d061d33b28b6dd5d48f52f25e032e3fc45614-DevUtil-L4035_L4321,1081,38,36,2,25,11,2,2,0,0,0,0
OpenLiberty-ci.common-b48d061d33b28b6dd5d48f52f25e032e3fc45614-DevUtil-L4492_L4509,53,34,34,2,22,10,2,2,0,0,0,0
OpenLiberty-ci.common-b48d061d33b28b6dd5d48f52f25e032e3fc45614-DevUtil-L4492_L4513,83,52,50,4,30,12,2,2,0,0,0,0
OpenLiberty-ci.common-b48d061d33b28b6dd5d48f52f25e032e3fc45614-DevUtil-L4495_L4513,34,13,8,2,9,7,1,1,0,0,0,0
OpenLiberty-ci.common-b48d061d33b28b6dd5d48f52f25e032e3fc45614-DevUtil-L4636_L4656,10,5,0,0,5,5,0,0,0,0,0,0
OpenLiberty-ci.common-b48d061d33b28b6dd5d48f52f25e032e3fc45614-DevUtil-L5006_L5037,551,123,117,4,85,11,3,3,0,0,0,0
OpenLiberty-ci.common-b48d061d33b28b6dd5d48f52f25e032e3fc45614-DevUtil-L5124_L5154,89,5,0,0,5,5,0,0,0,0,0,0
OpenLiberty-ci.common-b48d061d33b28b6dd5d48f52f25e032e3fc45614-DevUtil-L5310_L5318,44,12,6,1,7,7,1,1,0,0,0,0
OpenLiberty-ci.common-b48d061d33b28b6dd5d48f52f25e032e3fc45614-DevUtil-L5484_L5497,21,5,0,0,5,5,0,0,0,0,0,0
OpenLiberty-ci.common-b48d061d33b28b6dd5d48f52f25e032e3fc45614-DevUtil-L5512_L5525,10,5,0,0,5,5,0,0,0,0,0,0
OpenLiberty-ci.common-b48d061d33b28b6dd5d48f52f25e032e3fc45614-DevUtil-L5576_L5604,81,5,0,0,5,5,0,0,0,0,0,0
OpenLiberty-ci.common-b48d061d33b28b6dd5d48f52f25e032e3fc45614-InstallFeatureUtil-L1102_L1109,4,4,3,2,4,3,2,2,0,0,0,0
OpenLiberty-ci.common-b48d061d33b28b6dd5d48f52f25e032e3fc45614-InstallFeatureUtil-L1171_L1209,6144,282,5023,15,215,20,15,5,0,0,0,0
OpenLiberty-ci.common-b48d061d33b28b6dd5d48f52f25e032e3fc45614-InstallFeatureUtil-L160_L193,2,2,0,0,2,2,0,0,0,0,0,0
OpenLiberty-ci.common-b48d061d33b28b6dd5d48f52f25e032e3fc45614-InstallFeatureUtil-L350_L356,13483,31,24,2,6,6,1,1,0,0,0,0
OpenLiberty-ci.common-b48d061d33b28b6dd5d48f52f25e032e3fc45614-InstallFeatureUtil-L545_L561,1499,42,48,2,39,11,2,2,0,0,0,0
OpenLiberty-ci.common-b48d061d33b28b6dd5d48f52f25e032e3fc45614-InstallFeatureUtil-L613_L646,11,11,10,1,11,2,1,1,0,0,0,0
OpenLiberty-ci.common-b48d061d33b28b6dd5d48f52f25e032e3fc45614-InstallFeatureUtil-L823_L831,4006,84,78,7,7,7,1,1,0,0,0,0
OpenLiberty-ci.common-b48d061d33b28b6dd5d48f52f25e032e3fc45614-InstallFeatureUtil-L834_L857,1572,32,38,3,23,11,3,3,0,0,0,0
OpenLiberty-ci.common-b48d061d33b28b6dd5d48f52f25e032e3fc45614-ServerConfigDocument-L309_L318,2948,80,247,4,96,14,3,3,0,0,0,0
OpenLiberty-ci.common-b48d061d33b28b6dd5d48f52f25e032e3fc45614-ServerConfigDocument-L446_L457,48,45,43,1,45,7,1,1,0,0,0,0
OpenLiberty-ci.common-b48d061d33b28b6dd5d48f52f25e032e3fc45614-ServerFeatureUtil-L376_L395,18374,22,22,2,10,8,2,2,0,0,0,0
OpenLiberty-ci.common-b48d061d33b28b6dd5d48f52f25e032e3fc45614-ServerFeatureUtil-L428_L473,4177,86,73,1,71,23,1,1,2,1,0,0
OpenLiberty-ci.common-b48d061d33b28b6dd5d48f52f25e032e3fc45614-ServerFeatureUtil-L481_L487,7,5,0,0,5,5,0,0,0,0,0,0
OpenLiberty-ci.common-b48d061d33b28b6dd5d48f52f25e032e3fc45614-ServerFeatureUtil-L637_L647,8,7,1,1,7,7,1,1,0,0,0,0
OWASP-json-sanitizer-fc612ab374de73d03864d56fb87b6a103b234489-EvalMinifier-L73_L213,945,231,283,5,113,21,4,4,0,0,0,0
pingcap-tidb-loadbalance-b1d62a4561fee7c525ae4c640a10f55c4702755b-ConnUrlParser-L276_L302,22972,679,12426,11,356,28,7,7,0,0,0,0
pingcap-tidb-loadbalance-b1d62a4561fee7c525ae4c640a10f55c4702755b-ConnUrlParser-L282_L298,3604,64,57,5,52,13,5,5,0,0,0,0
pingcap-tidb-loadbalance-b1d62a4561fee7c525ae4c640a10f55c4702755b-ConnUrlParser-L366_L383,254,5,0,0,5,5,0,0,0,0,0,0
pingcap-tidb-loadbalance-b1d62a4561fee7c525ae4c640a10f55c4702755b-ConnUrlParser-L400_L421,655,6,0,0,5,5,0,0,0,0,0,0
pingcap-tidb-loadbalance-b1d62a4561fee7c525ae4c640a10f55c4702755b-DiscovererImpl-L148_L169,380,84,195,3,83,11,3,3,0,0,0,0
pingcap-tidb-loadbalance-b1d62a4561fee7c525ae4c640a10f55c4702755b-LoadBalancingDriver-L372_L381,419,50,54,3,41,13,3,3,0,0,0,0
pingcap-tidb-loadbalance-b1d62a4561fee7c525ae4c640a10f55c4702755b-StringUtils-L116_L120,0,0,0,0,0,0,0,0,0,0,0,0
pingcap-tidb-loadbalance-b1d62a4561fee7c525ae4c640a10f55c4702755b-WeightRandomShuffleUrlMapper-L62_L69,343,132,191,2,91,17,2,2,0,0,0,0
pvto-konte-art-03c969d8fd62ba3c7175a840e6a785049183f4b6-ColorSpaceBuilder-L100_L112,27,12,12,1,12,9,1,1,0,0,0,0
pvto-konte-art-03c969d8fd62ba3c7175a840e6a785049183f4b6-ColorSpaceBuilder-L115_L124,311,110,169,3,60,13,3,3,0,0,0,0
pvto-konte-art-03c969d8fd62ba3c7175a840e6a785049183f4b6-ColorSpaceBuilder-L42_L83,17519,384,6436,7,953,67,7,7,0,0,0,0
pvto-konte-art-03c969d8fd62ba3c7175a840e6a785049183f4b6-ColorSpaceBuilder-L63_L83,2005,169,224,4,116,23,4,4,0,0,0,0
pvto-konte-art-03c969d8fd62ba3c7175a840e6a785049183f4b6-DrawingContext-L64_L85,9390,67,0,0,474,31,0,0,0,0,0,0
pvto-konte-art-03c969d8fd62ba3c7175a840e6a785049183f4b6-DrawingContext-L91_L112,217,5,0,0,5,5,0,0,0,0,0,0
pvto-konte-art-03c969d8fd62ba3c7175a840e6a785049183f4b6-Effects-L281_L283,21,21,21,2,1,1,1,1,0,0,0,0
pvto-konte-art-03c969d8fd62ba3c7175a840e6a785049183f4b6-ExpressionParser-L159_L465,4098,46,2,1,467,23,1,1,0,0,0,0
pvto-konte-art-03c969d8fd62ba3c7175a840e6a785049183f4b6-FlointTree-L73_L84,250,175,250,9,175,13,9,9,0,0,0,0
pvto-konte-art-03c969d8fd62ba3c7175a840e6a785049183f4b6-LightBuilder-L251_L282,2717,244,299,4,171,27,4,4,0,0,0,0
pvto-konte-art-03c969d8fd62ba3c7175a840e6a785049183f4b6-LightBuilder-L254_L280,7385,340,298,5,979,72,5,5,0,0,0,0
pvto-konte-art-03c969d8fd62ba3c7175a840e6a785049183f4b6-Model-L184_L191,150,8,2,1,8,8,1,1,1,1,1,1
pvto-konte-art-03c969d8fd62ba3c7175a840e6a785049183f4b6-Model-L346_L410,5849,182,128,4,869,56,4,4,0,0,0,0
pvto-konte-art-03c969d8fd62ba3c7175a840e6a785049183f4b6-Model-L351_L410,5946,261,214,3,904,55,3,3,0,0,0,0
pvto-konte-art-03c969d8fd62ba3c7175a840e6a785049183f4b6-Parser-L137_L253,8016,262,226,5,1023,54,4,4,0,0,0,0
pvto-konte-art-03c969d8fd62ba3c7175a840e6a785049183f4b6-PluginLoader-L39_L107,3401,44,0,0,467,24,0,0,0,0,0,0
pvto-konte-art-03c969d8fd62ba3c7175a840e6a785049183f4b6-Prob-L351_L362,0,0,0,0,0,0,0,0,0,0,0,0
pvto-konte-art-03c969d8fd62ba3c7175a840e6a785049183f4b6-RuleWriter-L120_L149,781,45,35,1,41,9,1,1,17,1,17,1
pvto-konte-art-03c969d8fd62ba3c7175a840e6a785049183f4b6-RuleWriter-L283_L295,19,11,4,2,10,10,2,2,0,0,0,0
pvto-konte-art-03c969d8fd62ba3c7175a840e6a785049183f4b6-RuleWriter-L423_L452,9107,444,461,4,292,32,4,4,0,0,0,0
pvto-konte-art-03c969d8fd62ba3c7175a840e6a785049183f4b6-RuleWriter-L502_L505,6,6,1,1,6,6,1,1,1,1,1,1
pvto-konte-art-03c969d8fd62ba3c7175a840e6a785049183f4b6-SvgImport-L105_L112,202,88,202,2,88,4,2,2,0,0,0,0
pvto-konte-art-03c969d8fd62ba3c7175a840e6a785049183f4b6-SvgImport-L282_L334,4466,119,47,4,789,48,4,4,0,0,0,0
pvto-konte-art-03c969d8fd62ba3c7175a840e6a785049183f4b6-SvgImport-L282_L336,4343,95,24,2,770,45,2,2,0,0,0,0
pvto-konte-art-03c969d8fd62ba3c7175a840e6a785049183f4b6-Transform-L454_L525,441,184,335,3,93,24,7,7,0,0,0,0
pvto-konte-art-03c969d8fd62ba3c7175a840e6a785049183f4b6-Transform-L540_L549,1332,157,184,9,99,30,8,8,0,0,0,0
pvto-konte-art-03c969d8fd62ba3c7175a840e6a785049183f4b6-UtBuilder-L111_L140,3264,13,4,1,17,9,1,1,0,0,0,0
pvto-konte-art-03c969d8fd62ba3c7175a840e6a785049183f4b6-UtBuilder-L94_L98,1243,38,28,2,101,12,2,2,0,0,0,0
ripreal-V8LogScanner-3789156a0ab07c4b2cdd91e8165ca733ecc01905-RgxOpManager-L200_L223,162,6,0,0,6,6,0,0,0,0,0,0
sbesada-java.math.expression.parser-cc92f58f6074b21cf6f5d4056b7f7cc5168f50af-Parser-L215_L226,11362,46,25,4,58,21,4,4,0,0,0,0
seansegal-tincisnotcatan-f7d098c51037cb586147c1bbd5b18c2239df7b32-CatanAPI-L120_L124,2,2,2,1,2,2,1,1,0,0,0,0
seansegal-tincisnotcatan-f7d098c51037cb586147c1bbd5b18c2239df7b32-Path-L88_L120,887,53,148,4,58,22,4,4,0,0,0,0
seansegal-tincisnotcatan-f7d098c51037cb586147c1bbd5b18c2239df7b32-Tile-L280_L292,670,137,168,3,79,15,2,2,0,0,0,0
SpringStudent-GyJdbc-0ca78eb623487f137d94eb719a94464d2d0cbbe8-EntityDaoImpl-L157_L169,1466,109,104,6,64,22,6,6,0,0,0,0
SpringStudent-GyJdbc-0ca78eb623487f137d94eb719a94464d2d0cbbe8-EntityDaoImpl-L382_L405,304,79,105,9,43,20,7,7,0,0,0,0
SpringStudent-GyJdbc-0ca78eb623487f137d94eb719a94464d2d0cbbe8-EntityDaoImpl-L431_L497,1026,128,214,11,80,22,7,7,0,0,0,0
SpringStudent-GyJdbc-0ca78eb623487f137d94eb719a94464d2d0cbbe8-EntityDaoImpl-L444_L490,210,5,0,0,5,5,0,0,0,0,0,0
SpringStudent-GyJdbc-0ca78eb623487f137d94eb719a94464d2d0cbbe8-EntityTools-L36_L54,93,44,58,24,31,17,13,9,0,0,0,0
SpringStudent-GyJdbc-0ca78eb623487f137d94eb719a94464d2d0cbbe8-SqlMakeTools-L452_L545,934,161,172,31,66,39,21,16,0,0,0,0
SpringStudent-GyJdbc-0ca78eb623487f137d94eb719a94464d2d0cbbe8-SqlMakeTools-L452_L565,1884,299,314,47,112,58,31,20,0,0,0,0
sranka-jdbcimage-4b16de3a349a30e5d69633a0fea6e08d486392b9-ChunkedReader-L101_L110,343,229,210,8,84,30,7,5,0,0,0,0
StarlangSoftware-Corpus-c0b50a746e5179df1b236273bcf1ec6d1cc988c7-SentenceSplitter-L77_L84,0,0,0,0,0,0,0,0,0,0,0,0
StarlangSoftware-TurkishMorphologicalAnalysis-26450b47db92b64580a2bfa4a0d7d0bce38edd49-FsmMorphologicalAnalyzer-L168_L209,12545687,44,19,3,55,16,1,1,33,2,1,1
StarlangSoftware-TurkishMorphologicalAnalysis-26450b47db92b64580a2bfa4a0d7d0bce38edd49-FsmMorphologicalAnalyzer-L400_L573,320,10,0,0,6,6,0,0,0,0,0,0
StarlangSoftware-TurkishMorphologicalAnalysis-26450b47db92b64580a2bfa4a0d7d0bce38edd49-FsmMorphologicalAnalyzer-L740_L751,3814,73,51,3,115,17,3,3,0,0,0,0
StarlangSoftware-TurkishMorphologicalDisambiguation-bf8dbc2cd835c67178eb896939ad1009b6743486-HmmDisambiguation-L135_L142,4327,9,1,1,7,7,1,1,0,0,0,0
ThreeTen-threetenbp-bdf97bf72f4e5af7ae3c3af1ea8e3407c1451341-Clock-L241_L251,36,10,0,0,9,9,0,0,0,0,0,0
ThreeTen-threetenbp-bdf97bf72f4e5af7ae3c3af1ea8e3407c1451341-DateTimeBuilder-L273_L282,392,95,94,3,42,18,3,3,0,0,0,0
ThreeTen-threetenbp-bdf97bf72f4e5af7ae3c3af1ea8e3407c1451341-DateTimeBuilder-L577_L595,594,250,322,5,148,38,4,4,0,0,0,0
ThreeTen-threetenbp-bdf97bf72f4e5af7ae3c3af1ea8e3407c1451341-DateTimeBuilder-L579_L594,852,61,38,1,60,18,1,1,24,3,18,1
ThreeTen-threetenbp-bdf97bf72f4e5af7ae3c3af1ea8e3407c1451341-DateTimeBuilder-L603_L611,161,43,34,5,8,8,1,1,0,0,0,0
ThreeTen-threetenbp-bdf97bf72f4e5af7ae3c3af1ea8e3407c1451341-DateTimeBuilder-L618_L625,462,118,10,2,33,19,1,1,0,0,0,0
ThreeTen-threetenbp-bdf97bf72f4e5af7ae3c3af1ea8e3407c1451341-DateTimeFormatterBuilder-L2037_L2041,190,69,21,6,35,25,4,3,0,0,0,0
ThreeTen-threetenbp-bdf97bf72f4e5af7ae3c3af1ea8e3407c1451341-DateTimeFormatterBuilder-L2360_L2390,583,102,273,14,83,18,11,5,0,0,0,0
ThreeTen-threetenbp-bdf97bf72f4e5af7ae3c3af1ea8e3407c1451341-DateTimeFormatterBuilder-L2360_L2394,34566,180,34219,26,99,31,21,9,0,0,0,0
ThreeTen-threetenbp-bdf97bf72f4e5af7ae3c3af1ea8e3407c1451341-DateTimeFormatterBuilder-L2561_L2566,12,6,12,1,6,3,1,1,0,0,0,0
ThreeTen-threetenbp-bdf97bf72f4e5af7ae3c3af1ea8e3407c1451341-DateTimeFormatterBuilder-L2703_L2721,4470,40,4250,10,21,15,7,5,0,0,0,0
ThreeTen-threetenbp-bdf97bf72f4e5af7ae3c3af1ea8e3407c1451341-DateTimeFormatterBuilder-L2938_L2994,800,233,334,8,160,34,7,7,0,0,0,0
ThreeTen-threetenbp-bdf97bf72f4e5af7ae3c3af1ea8e3407c1451341-DateTimeFormatterBuilder-L3095_L3119,525,243,486,39,86,20,33,6,0,0,0,0
ThreeTen-threetenbp-bdf97bf72f4e5af7ae3c3af1ea8e3407c1451341-DateTimeFormatterBuilder-L3414_L3433,161540,436,123800,10,167,55,5,5,0,0,0,0
ThreeTen-threetenbp-bdf97bf72f4e5af7ae3c3af1ea8e3407c1451341-DateTimeFormatterBuilder-L3415_L3425,947,160,84,3,14,12,1,1,2,2,2,2
ThreeTen-threetenbp-bdf97bf72f4e5af7ae3c3af1ea8e3407c1451341-DateTimeFormatter-L1554_L1559,1342,19,27,2,16,10,2,2,0,0,0,0
ThreeTen-threetenbp-bdf97bf72f4e5af7ae3c3af1ea8e3407c1451341-DateTimeFormatter-L1581_L1592,103,9,0,0,6,6,0,0,0,0,0,0
ThreeTen-threetenbp-bdf97bf72f4e5af7ae3c3af1ea8e3407c1451341-DateTimePrintContext-L128_L158,4203,173,0,0,31,29,0,0,0,0,0,0
ThreeTen-threetenbp-bdf97bf72f4e5af7ae3c3af1ea8e3407c1451341-Duration-L1299_L1331,638,450,580,50,81,32,37,15,0,0,0,0
ThreeTen-threetenbp-bdf97bf72f4e5af7ae3c3af1ea8e3407c1451341-HijrahDate-L1236_L1258,0,0,0,0,0,0,0,0,0,0,0,0
ThreeTen-threetenbp-bdf97bf72f4e5af7ae3c3af1ea8e3407c1451341-HijrahDate-L1687_L1755,324,95,252,4,100,16,4,4,0,0,0,0
ThreeTen-threetenbp-bdf97bf72f4e5af7ae3c3af1ea8e3407c1451341-Instant-L681_L687,54,11,3,1,9,7,1,1,0,0,0,0
ThreeTen-threetenbp-bdf97bf72f4e5af7ae3c3af1ea8e3407c1451341-LocalDate-L382_L386,57,16,24,1,15,9,1,1,0,0,0,0
ThreeTen-threetenbp-bdf97bf72f4e5af7ae3c3af1ea8e3407c1451341-LocalTime-L623_L640,128,41,60,3,36,15,3,3,0,0,0,0
ThreeTen-threetenbp-bdf97bf72f4e5af7ae3c3af1ea8e3407c1451341-LocalTime-L913_L919,73,15,4,1,13,10,1,1,0,0,0,0
ThreeTen-threetenbp-bdf97bf72f4e5af7ae3c3af1ea8e3407c1451341-Period-L214_L234,64,20,0,0,8,8,0,0,0,0,0,0
ThreeTen-threetenbp-bdf97bf72f4e5af7ae3c3af1ea8e3407c1451341-SimpleDateTimeTextProvider-L392_L396,272,52,46,3,8,8,1,1,0,0,0,0
ThreeTen-threetenbp-bdf97bf72f4e5af7ae3c3af1ea8e3407c1451341-StandardZoneRules-L133_L143,1617,7,0,0,6,6,0,0,0,0,0,0
ThreeTen-threetenbp-bdf97bf72f4e5af7ae3c3af1ea8e3407c1451341-StandardZoneRules-L189_L195,135,83,3,2,14,12,2,2,0,0,0,0
ThreeTen-threetenbp-bdf97bf72f4e5af7ae3c3af1ea8e3407c1451341-TzdbZoneRulesCompiler-L115_L202,5,2,5,1,2,2,1,1,0,0,0,0
ThreeTen-threetenbp-bdf97bf72f4e5af7ae3c3af1ea8e3407c1451341-TzdbZoneRulesCompiler-L174_L188,0,0,0,0,0,0,0,0,0,0,0,0
ThreeTen-threetenbp-bdf97bf72f4e5af7ae3c3af1ea8e3407c1451341-TzdbZoneRulesCompiler-L399_L432,3361,265,266,8,139,38,8,8,3,1,3,1
ThreeTen-threetenbp-bdf97bf72f4e5af7ae3c3af1ea8e3407c1451341-TzdbZoneRulesCompiler-L767_L797,2619,88,72,4,42,10,3,3,0,0,0,0
ThreeTen-threetenbp-bdf97bf72f4e5af7ae3c3af1ea8e3407c1451341-TzdbZoneRulesProvider-L234_L241,160,11,3,2,8,7,2,2,0,0,0,0
ThreeTen-threetenbp-bdf97bf72f4e5af7ae3c3af1ea8e3407c1451341-ZoneId-L334_L357,139,72,0,0,24,14,0,0,0,0,0,0
ThreeTen-threetenbp-bdf97bf72f4e5af7ae3c3af1ea8e3407c1451341-ZoneId-L380_L386,166,77,0,0,22,16,0,0,0,0,0,0
ThreeTen-threetenbp-bdf97bf72f4e5af7ae3c3af1ea8e3407c1451341-ZoneOffset-L192_L226,203,21,35,1,87,11,1,1,0,0,0,0
ThreeTen-threetenbp-bdf97bf72f4e5af7ae3c3af1ea8e3407c1451341-ZoneOffset-L243_L250,580,81,144,2,78,12,2,2,0,0,0,0
ThreeTen-threetenbp-bdf97bf72f4e5af7ae3c3af1ea8e3407c1451341-ZoneOffset-L338_L360,621,246,620,6,246,13,6,6,0,0,0,0
ThreeTen-threetenbp-bdf97bf72f4e5af7ae3c3af1ea8e3407c1451341-ZoneOffset-L427_L433,417,143,383,29,63,12,28,3,0,0,0,0
ThreeTen-threetenbp-bdf97bf72f4e5af7ae3c3af1ea8e3407c1451341-ZoneOffset-L427_L434,417,143,383,30,72,15,30,5,0,0,0,0
ThreeTen-threetenbp-bdf97bf72f4e5af7ae3c3af1ea8e3407c1451341-ZoneOffsetTransitionRule-L508_L511,20,13,8,8,13,7,8,2,0,0,0,0
ThreeTen-threetenbp-bdf97bf72f4e5af7ae3c3af1ea8e3407c1451341-ZoneRegion-L102_L122,187,36,30,1,71,21,1,1,0,0,0,0
ThreeTen-threetenbp-bdf97bf72f4e5af7ae3c3af1ea8e3407c1451341-ZoneRulesBuilder-L525_L530,500,6,0,0,5,5,0,0,0,0,0,0
ThreeTen-threetenbp-bdf97bf72f4e5af7ae3c3af1ea8e3407c1451341-ZoneRulesProvider-L164_L167,3017,42,42,1,34,16,1,1,0,0,0,0
tommyettinger-RegExodus-48a8167a5dc1e381fc741fabd425965a22aa1503-CharacterClass-L247_L251,532,198,532,3,198,9,3,3,0,0,0,0
tommyettinger-RegExodus-48a8167a5dc1e381fc741fabd425965a22aa1503-CharacterClass-L751_L758,287,179,60,4,33,9,1,1,0,0,0,0
tommyettinger-RegExodus-48a8167a5dc1e381fc741fabd425965a22aa1503-CharacterClass-L796_L801,287,179,60,4,33,9,1,1,0,0,0,0
tommyettinger-RegExodus-48a8167a5dc1e381fc741fabd425965a22aa1503-CharacterClass-L870_L873,390,97,324,3,104,16,7,3,0,0,0,0
tommyettinger-RegExodus-48a8167a5dc1e381fc741fabd425965a22aa1503-Replacer-L409_L417,203,108,136,12,64,17,9,4,0,0,0,0
tommyettinger-RegExodus-48a8167a5dc1e381fc741fabd425965a22aa1503-Replacer-L439_L447,283,180,213,18,86,21,12,5,0,0,0,0
tommyettinger-RegExodus-48a8167a5dc1e381fc741fabd425965a22aa1503-Replacer-L439_L448,207,102,100,17,56,28,10,8,0,0,0,0
tvesalainen-bcc-8bfbb307418a422d57370b2df12fdfb1126f3407-Signature-L115_L133,10,5,0,0,5,5,0,0,0,0,0,0
uber-common-jvm-profiler-07ecfce5bbae89cae1415296d4c6eb7cdd7b7dfa-CpuAndMemoryProfiler-L131_L173,47,28,27,1,20,9,1,1,0,0,0,0
uber-common-jvm-profiler-07ecfce5bbae89cae1415296d4c6eb7cdd7b7dfa-StringUtils-L186_L214,90,89,84,6,31,18,6,5,0,0,0,0
wso2-config-mapper-353b0829d3bf3dae92312dea6ff1dddff9a74fe6-ConfigParser-L184_L189,0,0,0,0,0,0,0,0,0,0,0,0
wso2-config-mapper-353b0829d3bf3dae92312dea6ff1dddff9a74fe6-ConfigParser-L232_L248,5440,247,1172,4,408,28,4,4,0,0,0,0
wso2-config-mapper-353b0829d3bf3dae92312dea6ff1dddff9a74fe6-ConfigParser-L86_L142,0,0,0,0,0,0,0,0,0,0,0,0
wso2-config-mapper-353b0829d3bf3dae92312dea6ff1dddff9a74fe6-DefaultParser-L46_L55,3147,476,239,3,158,82,2,2,0,0,0,0
wso2-config-mapper-353b0829d3bf3dae92312dea6ff1dddff9a74fe6-FileUtils-L108_L126,12,9,6,1,9,9,1,1,0,0,0,0
wso2-config-mapper-353b0829d3bf3dae92312dea6ff1dddff9a74fe6-FileUtils-L73_L82,5,5,0,0,5,5,0,0,0,0,0,0
wso2-config-mapper-353b0829d3bf3dae92312dea6ff1dddff9a74fe6-JinjaParser-L147_L155,5112,36,18,1,1026,22,1,1,0,0,0,0
wso2-config-mapper-353b0829d3bf3dae92312dea6ff1dddff9a74fe6-KeyMapper-L120_L146,53341,479,293,4,550,43,4,4,0,0,0,0
wso2-config-mapper-353b0829d3bf3dae92312dea6ff1dddff9a74fe6-MetaDataParser-L203_L208,48,5,0,0,5,5,0,0,0,0,0,0
wso2-config-mapper-353b0829d3bf3dae92312dea6ff1dddff9a74fe6-ReferenceResolver-L228_L245,17420,566,344,2,350,57,3,3,0,0,0,0
wso2-config-mapper-353b0829d3bf3dae92312dea6ff1dddff9a74fe6-ReferenceResolver-L325_L349,150434,719,45223,9,2974,62,6,6,0,0,0,0
wso2-config-mapper-353b0829d3bf3dae92312dea6ff1dddff9a74fe6-ReferenceResolver-L328_L349,271794,941,70152,8,4668,50,5,5,0,0,0,0
wso2-config-mapper-353b0829d3bf3dae92312dea6ff1dddff9a74fe6-ReferenceResolver-L330_L348,99931,621,445,8,733,62,5,5,2,1,2,1
wso2-config-mapper-353b0829d3bf3dae92312dea6ff1dddff9a74fe6-TomlParser-L130_L135,216,7,0,0,9,7,0,0,0,0,0,0
wso2-config-mapper-353b0829d3bf3dae92312dea6ff1dddff9a74fe6-UnitResolver-L95_L125,162,82,73,4,118,13,4,4,0,0,0,0
wso2-config-mapper-353b0829d3bf3dae92312dea6ff1dddff9a74fe6-Validator-L101_L142,28266,385,103,2,306,42,2,2,0,0,0,0
wso2-config-mapper-353b0829d3bf3dae92312dea6ff1dddff9a74fe6-ValueInferrer-L116_L125,57114,741,3196,2,577,30,2,2,0,0,0,0
wso2-config-mapper-353b0829d3bf3dae92312dea6ff1dddff9a74fe6-ValueInferrer-L135_L144,43853,428,66,1,500,72,2,2,0,0,0,0
xcsp3team-XCSP3-Java-Tools-1567b06e77cb2a8b73a1ce65e4773cbf08f59ce0-SolutionChecker-L171_L189,542,5,0,0,5,5,0,0,0,0,0,0
xcsp3team-XCSP3-Java-Tools-1567b06e77cb2a8b73a1ce65e4773cbf08f59ce0-SolutionChecker-L172_L207,10075,75,7545,1,3101,10,6,1,0,0,0,0
xcsp3team-XCSP3-Java-Tools-1567b06e77cb2a8b73a1ce65e4773cbf08f59ce0-SolutionChecker-L318_L320,901,59,86,2,59,19,2,2,0,0,0,0
xcsp3team-XCSP3-Java-Tools-1567b06e77cb2a8b73a1ce65e4773cbf08f59ce0-Values-L59_L65,1115,8,20,1,46,8,1,1,0,0,0,0
xcsp3team-XCSP3-Java-Tools-1567b06e77cb2a8b73a1ce65e4773cbf08f59ce0-XNodeLeaf-L47_L52,575,11,4,1,8,8,1,1,2,1,2,1
xcsp3team-XCSP3-Java-Tools-1567b06e77cb2a8b73a1ce65e4773cbf08f59ce0-XParser-L296_L302,19,6,0,0,6,6,0,0,0,0,0,0
xcsp3team-XCSP3-Java-Tools-1567b06e77cb2a8b73a1ce65e4773cbf08f59ce0-XParser-L656_L671,45,18,30,2,20,9,2,2,0,0,0,0
xcsp3team-XCSP3-Java-Tools-1567b06e77cb2a8b73a1ce65e4773cbf08f59ce0-XParser-L812_L828,620,21,13,2,7,7,1,1,0,0,0,0
ysc-word-daa57fa34645e39c6e0214d1f4698134963b65be-AbstractSegmentation-L148_L158,90,18,13,2,16,8,2,2,0,0,0,0
ysc-word-daa57fa34645e39c6e0214d1f4698134963b65be-AutoDetector-L339_L359,23,8,3,1,8,8,1,1,0,0,0,0
ysc-word-daa57fa34645e39c6e0214d1f4698134963b65be-BidirectionalMinimumMatching-L62_L82,12378,299,0,0,1137,166,0,0,0,0,0,0
ysc-word-daa57fa34645e39c6e0214d1f4698134963b65be-ChineseWordAnalyzer-L82_L103,3980,17,3,1,9,7,1,1,0,0,0,0
ysc-word-daa57fa34645e39c6e0214d1f4698134963b65be-ChineseWordTokenizer-L124_L152,16031,345,2,1,1658,193,1,1,0,0,0,0
ysc-word-daa57fa34645e39c6e0214d1f4698134963b65be-DictionaryFactory-L69_L77,14105,292,0,0,1504,167,0,0,0,0,0,0
ysc-word-daa57fa34645e39c6e0214d1f4698134963b65be-DictionaryTrie-L412_L419,266,5,0,0,5,5,0,0,0,0,0,0
ysc-word-daa57fa34645e39c6e0214d1f4698134963b65be-GenericTrie-L74_L83,143,78,101,1,52,13,1,1,0,0,0,0
ysc-word-daa57fa34645e39c6e0214d1f4698134963b65be-HotWord-L47_L57,14097,293,0,0,1492,167,0,0,0,0,0,0
ysc-word-daa57fa34645e39c6e0214d1f4698134963b65be-PersonName-L217_L248,51,5,0,0,5,5,0,0,0,0,0,0
ysc-word-daa57fa34645e39c6e0214d1f4698134963b65be-PersonName-L217_L251,20334,409,27,5,1830,223,5,5,1,1,1,1
ysc-word-daa57fa34645e39c6e0214d1f4698134963b65be-PersonName-L262_L298,22626,445,107,8,1991,230,6,6,0,0,0,0
ysc-word-daa57fa34645e39c6e0214d1f4698134963b65be-PersonName-L315_L357,630,211,205,34,30,10,4,4,0,0,0,0
ysc-word-daa57fa34645e39c6e0214d1f4698134963b65be-StopWord-L128_L135,0,0,0,0,0,0,0,0,0,0,0,0
ysc-word-daa57fa34645e39c6e0214d1f4698134963b65be-WordConfTools-L136_L165,14734,319,0,0,1574,184,0,0,0,0,0,0
ysc-word-daa57fa34645e39c6e0214d1f4698134963b65be-WordConfTools-L149_L160,15900,352,20,2,1649,186,2,2,0,0,0,0
ysc-word-daa57fa34645e39c6e0214d1f4698134963b65be-WordRefiner-L142_L191,16992,433,79,6,1927,242,9,7,15,1,0,0
ysc-word-daa57fa34645e39c6e0214d1f4698134963b65be-WordRefiner-L144_L191,21384,466,288,5,3291,242,16,6,15,1,0,0
3redronin-mu-server-69683cf8009d7a0ac52452fd4b0abe06ffd0bf87-BytesRange-L31_L38,15,1,0,0,1,1,0,0,14,1,0,0
3redronin-mu-server-69683cf8009d7a0ac52452fd4b0abe06ffd0bf87-CORSConfigBuilder-L55_L60,0,0,0,0,0,0,0,0,0,0,0,0
3redronin-mu-server-69683cf8009d7a0ac52452fd4b0abe06ffd0bf87-ForwardedHeader-L106_L217,655,55,51,2,54,29,2,2,0,0,0,0
3redronin-mu-server-69683cf8009d7a0ac52452fd4b0abe06ffd0bf87-HttpsConfigBuilder-L399_L409,156,16,31,2,16,10,2,2,0,0,0,0
3redronin-mu-server-69683cf8009d7a0ac52452fd4b0abe06ffd0bf87-JaxRSResponse-L241_L256,482,133,93,2,130,25,2,2,20,4,18,2
3redronin-mu-server-69683cf8009d7a0ac52452fd4b0abe06ffd0bf87-LinkHeaderDelegate-L27_L39,19,6,0,0,6,6,0,0,0,0,0,0
3redronin-mu-server-69683cf8009d7a0ac52452fd4b0abe06ffd0bf87-MediaTypeDeterminer-L74_L96,673,154,203,4,86,22,4,4,0,0,0,0
3redronin-mu-server-69683cf8009d7a0ac52452fd4b0abe06ffd0bf87-MuPathSegment-L78_L93,251,5,0,0,5,5,0,0,0,0,0,0
3redronin-mu-server-69683cf8009d7a0ac52452fd4b0abe06ffd0bf87-MuPathSegment-L80_L92,7149,531,4883,2,301,21,2,2,0,0,0,0
3redronin-mu-server-69683cf8009d7a0ac52452fd4b0abe06ffd0bf87-MuUriBuilder-L466_L493,2427,63,56,4,96,28,4,4,0,0,0,0
3redronin-mu-server-69683cf8009d7a0ac52452fd4b0abe06ffd0bf87-MuUriBuilder-L500_L504,411,101,163,2,61,14,2,2,0,0,0,0
3redronin-mu-server-69683cf8009d7a0ac52452fd4b0abe06ffd0bf87-MuWebSocketSessionImpl-L109_L114,20,9,6,1,9,9,1,1,0,0,0,0
3redronin-mu-server-69683cf8009d7a0ac52452fd4b0abe06ffd0bf87-NettyRequestAdapter-L197_L211,1320,90,18,1,398,48,1,1,6,1,0,0
3redronin-mu-server-69683cf8009d7a0ac52452fd4b0abe06ffd0bf87-OpenApiDocumentor-L59_L75,117,34,31,2,26,11,2,2,0,0,0,0
3redronin-mu-server-69683cf8009d7a0ac52452fd4b0abe06ffd0bf87-ParameterizedHeader-L170_L177,1297,26,14,10,22,12,10,4,0,0,0,0
3redronin-mu-server-69683cf8009d7a0ac52452fd4b0abe06ffd0bf87-ParameterizedHeader-L88_L156,824,215,509,18,57,25,10,7,2,1,2,1
3redronin-mu-server-69683cf8009d7a0ac52452fd4b0abe06ffd0bf87-ParameterizedHeader-L91_L147,585,224,226,33,89,30,25,9,1,1,1,1
3redronin-mu-server-69683cf8009d7a0ac52452fd4b0abe06ffd0bf87-ParameterizedHeaderWithValue-L88_L181,452,41,34,1,40,22,1,1,0,0,0,0
3redronin-mu-server-69683cf8009d7a0ac52452fd4b0abe06ffd0bf87-ParameterObject-L39_L53,1039,312,1020,1,312,9,1,1,0,0,0,0
3redronin-mu-server-69683cf8009d7a0ac52452fd4b0abe06ffd0bf87-PathsObject-L17_L34,119,6,0,0,5,5,0,0,0,0,0,0
3redronin-mu-server-69683cf8009d7a0ac52452fd4b0abe06ffd0bf87-RequestBodyReaderInputStreamAdapter-L159_L164,0,0,0,0,0,0,0,0,0,0,0,0
3redronin-mu-server-69683cf8009d7a0ac52452fd4b0abe06ffd0bf87-RequestBodyReader-L252_L273,1380,97,326,1,123,19,1,1,0,0,0,0
3redronin-mu-server-69683cf8009d7a0ac52452fd4b0abe06ffd0bf87-RestHandlerBuilder-L347_L364,583,9,7,2,8,8,2,2,0,0,0,0
3redronin-mu-server-69683cf8009d7a0ac52452fd4b0abe06ffd0bf87-RestHandlerBuilder-L347_L365,2191,95,175,3,74,17,3,3,0,0,0,0
3redronin-mu-server-69683cf8009d7a0ac52452fd4b0abe06ffd0bf87-RestHandlerBuilder-L538_L554,1079,34,12,2,14,14,2,2,0,0,0,0
3redronin-mu-server-69683cf8009d7a0ac52452fd4b0abe06ffd0bf87-RestHandler-L199_L288,202,30,6,1,79,20,1,1,0,0,0,0
3redronin-mu-server-69683cf8009d7a0ac52452fd4b0abe06ffd0bf87-RestHandler-L214_L287,57,29,6,1,27,19,1,1,0,0,0,0
3redronin-mu-server-69683cf8009d7a0ac52452fd4b0abe06ffd0bf87-RestHandler-L248_L286,21523,54,0,0,68,24,0,0,0,0,0,0
3redronin-mu-server-69683cf8009d7a0ac52452fd4b0abe06ffd0bf87-RestHandler-L295_L320,260,39,0,0,62,18,0,0,0,0,0,0
3redronin-mu-server-69683cf8009d7a0ac52452fd4b0abe06ffd0bf87-RestHandler-L327_L346,0,0,0,0,0,0,0,0,0,0,0,0
3redronin-mu-server-69683cf8009d7a0ac52452fd4b0abe06ffd0bf87-SchemaObjectCustomizer-L39_L46,115,20,24,1,22,13,1,1,0,0,0,0
3redronin-mu-server-69683cf8009d7a0ac52452fd4b0abe06ffd0bf87-SseBroadcasterImpl-L116_L124,5266,104,3025,1,237,36,1,1,0,0,0,0
3redronin-mu-server-69683cf8009d7a0ac52452fd4b0abe06ffd0bf87-SseBroadcasterImpl-L94_L103,1060,42,39,2,36,11,2,2,0,0,0,0
3redronin-mu-server-69683cf8009d7a0ac52452fd4b0abe06ffd0bf87-UriPattern-L103_L172,375,160,284,75,113,20,72,10,0,0,0,0
alfasoftware-soapstone-480e00c3384796efb1b2e69ba611d0234f6af333-SoapstoneOpenApiReader-L126_L185,22,7,2,1,7,7,1,1,0,0,0,0
alfasoftware-soapstone-480e00c3384796efb1b2e69ba611d0234f6af333-SoapstoneOpenApiReader-L334_L354,997,76,225,2,73,13,2,2,0,0,0,0
alfasoftware-soapstone-480e00c3384796efb1b2e69ba611d0234f6af333-TypeConverter-L558_L596,3538,66,203,5,90,18,5,5,0,0,0,0
apache-commons-codec-634ac7caba17b3610e8fe3dd19f9f05faf4d1f94-Blake3-L296_L306,289,69,288,3,69,6,3,3,0,0,0,0
apache-commons-codec-634ac7caba17b3610e8fe3dd19f9f05faf4d1f94-DaitchMokotoffSoundex-L269_L306,43,10,42,2,10,7,2,2,0,0,0,0
apache-commons-codec-634ac7caba17b3610e8fe3dd19f9f05faf4d1f94-DaitchMokotoffSoundex-L477_L536,15,12,6,1,10,8,1,1,0,0,0,0
apache-commons-codec-634ac7caba17b3610e8fe3dd19f9f05faf4d1f94-Digest-L61_L68,1,1,0,0,1,1,0,0,0,0,0,0
apache-commons-codec-634ac7caba17b3610e8fe3dd19f9f05faf4d1f94-Metaphone-L176_L378,1655,87,1623,36,52,34,24,22,0,0,0,0
apache-commons-codec-634ac7caba17b3610e8fe3dd19f9f05faf4d1f94-Metaphone-L176_L379,2831,388,2744,101,168,90,47,45,0,0,0,0
apache-commons-codec-634ac7caba17b3610e8fe3dd19f9f05faf4d1f94-PhoneticEngine-L388_L440,13,9,5,1,8,8,1,1,0,0,0,0
apache-commons-codec-634ac7caba17b3610e8fe3dd19f9f05faf4d1f94-Sha2Crypt-L183_L543,83,6,0,0,6,6,0,0,0,0,0,0
apache-commons-codec-634ac7caba17b3610e8fe3dd19f9f05faf4d1f94-Sha2Crypt-L334_L380,5238,55,1268,5,6,6,1,1,3,2,3,2
apache-commons-imaging-d3b3b534198d2b0b631379515e2b53905b425e70-AbstractSegment-L130_L135,6,3,0,0,3,3,0,0,0,0,0,0
apache-commons-imaging-d3b3b534198d2b0b631379515e2b53905b425e70-AbstractTiffImageWriter-L123_L135,2590,159,247,6,181,53,7,7,46,2,46,2
apache-commons-imaging-d3b3b534198d2b0b631379515e2b53905b425e70-AbstractTiffImageWriter-L212_L353,8817,44,52,7,34,21,7,7,0,0,0,0
apache-commons-imaging-d3b3b534198d2b0b631379515e2b53905b425e70-AbstractTiffImageWriter-L225_L312,10626,678,1066,21,456,58,19,19,0,0,0,0
apache-commons-imaging-d3b3b534198d2b0b631379515e2b53905b425e70-AbstractTiffImageWriter-L231_L287,8204,232,355,15,187,37,14,14,0,0,0,0
apache-commons-imaging-d3b3b534198d2b0b631379515e2b53905b425e70-AbstractTiffImageWriter-L408_L516,549472,83,60,3,299,38,3,3,35,5,0,0
apache-commons-imaging-d3b3b534198d2b0b631379515e2b53905b425e70-BasicCParser-L174_L324,6,3,0,0,3,3,0,0,0,0,0,0
apache-commons-imaging-d3b3b534198d2b0b631379515e2b53905b425e70-BasicCParser-L399_L445,965,149,201,42,98,39,30,17,0,0,0,0
apache-commons-imaging-d3b3b534198d2b0b631379515e2b53905b425e70-BasicCParser-L400_L440,843,261,322,48,148,45,36,14,0,0,0,0
apache-commons-imaging-d3b3b534198d2b0b631379515e2b53905b425e70-BasicCParser-L48_L59,86,47,79,4,46,9,4,4,0,0,0,0
apache-commons-imaging-d3b3b534198d2b0b631379515e2b53905b425e70-BasicCParser-L55_L60,48,28,33,6,25,17,6,6,0,0,0,0
apache-commons-imaging-d3b3b534198d2b0b631379515e2b53905b425e70-BinaryFunctions-L225_L231,18,15,11,2,14,5,2,2,0,0,0,0
apache-commons-imaging-d3b3b534198d2b0b631379515e2b53905b425e70-DcxImageParser-L161_L166,113,33,24,2,32,10,2,2,0,0,0,0
apache-commons-imaging-d3b3b534198d2b0b631379515e2b53905b425e70-Debug-L107_L112,69,17,63,1,17,5,1,1,0,0,0,0
apache-commons-imaging-d3b3b534198d2b0b631379515e2b53905b425e70-Debug-L120_L125,492,168,446,6,154,23,6,6,0,0,0,0
apache-commons-imaging-d3b3b534198d2b0b631379515e2b53905b425e70-Debug-L182_L203,1652,137,1625,21,216,27,27,10,0,0,0,0
apache-commons-imaging-d3b3b534198d2b0b631379515e2b53905b425e70-Debug-L182_L204,1521,158,1484,26,206,27,31,11,0,0,0,0
apache-commons-imaging-d3b3b534198d2b0b631379515e2b53905b425e70-Debug-L210_L219,298,35,283,10,56,23,15,9,0,0,0,0
apache-commons-imaging-d3b3b534198d2b0b631379515e2b53905b425e70-Debug-L225_L233,201,42,187,9,48,21,11,8,0,0,0,0
apache-commons-imaging-d3b3b534198d2b0b631379515e2b53905b425e70-Debug-L225_L234,201,42,187,9,60,17,12,5,0,0,0,0
apache-commons-imaging-d3b3b534198d2b0b631379515e2b53905b425e70-Debug-L240_L252,290,89,231,14,90,22,15,8,0,0,0,0
apache-commons-imaging-d3b3b534198d2b0b631379515e2b53905b425e70-Debug-L288_L306,3230,58,90,7,24,16,4,2,0,0,0,0
apache-commons-imaging-d3b3b534198d2b0b631379515e2b53905b425e70-Debug-L290_L303,3005,19,9,7,17,10,7,2,0,0,0,0
apache-commons-imaging-d3b3b534198d2b0b631379515e2b53905b425e70-ExifRewriter-L471_L521,552,232,266,5,149,32,5,5,0,0,0,0
apache-commons-imaging-d3b3b534198d2b0b631379515e2b53905b425e70-ExifRewriter-L478_L521,5220,124,2572,3,79,19,3,3,0,0,0,0
apache-commons-imaging-d3b3b534198d2b0b631379515e2b53905b425e70-GifImageParser-L164_L184,3716,30,20,4,28,12,4,4,0,0,0,0
apache-commons-imaging-d3b3b534198d2b0b631379515e2b53905b425e70-GifImageParser-L507_L539,1934,134,177,2,80,18,2,2,0,0,0,0
apache-commons-imaging-d3b3b534198d2b0b631379515e2b53905b425e70-GifImageParser-L507_L546,2601,207,371,4,125,32,4,4,0,0,0,0
apache-commons-imaging-d3b3b534198d2b0b631379515e2b53905b425e70-GifImageParser-L729_L743,7,4,0,0,3,3,0,0,0,0,0,0
apache-commons-imaging-d3b3b534198d2b0b631379515e2b53905b425e70-IccProfileParser-L242_L285,428,13,2,1,10,9,1,1,0,0,0,0
apache-commons-imaging-d3b3b534198d2b0b631379515e2b53905b425e70-IcnsDecoder-L206_L269,657,13,2,1,12,10,1,1,0,0,0,0
apache-commons-imaging-d3b3b534198d2b0b631379515e2b53905b425e70-IcnsImageParser-L240_L265,14,10,0,0,8,8,0,0,0,0,0,0
apache-commons-imaging-d3b3b534198d2b0b631379515e2b53905b425e70-IcoImageParser-L510_L515,169,85,162,2,84,9,2,2,0,0,0,0
apache-commons-imaging-d3b3b534198d2b0b631379515e2b53905b425e70-ImageBuilder-L111_L128,6,3,0,0,3,3,0,0,0,0,0,0
apache-commons-imaging-d3b3b534198d2b0b631379515e2b53905b425e70-ImageDataReader-L207_L274,691,15,0,0,12,12,0,0,0,0,0,0
apache-commons-imaging-d3b3b534198d2b0b631379515e2b53905b425e70-Imaging-L711_L803,100,10,0,0,8,8,0,0,0,0,0,0
apache-commons-imaging-d3b3b534198d2b0b631379515e2b53905b425e70-IptcParser-L120_L198,14,9,0,0,8,8,0,0,0,0,0,0
apache-commons-imaging-d3b3b534198d2b0b631379515e2b53905b425e70-IptcParser-L138_L181,587,90,394,9,100,33,9,9,0,0,0,0
apache-commons-imaging-d3b3b534198d2b0b631379515e2b53905b425e70-IptcParser-L212_L280,350,65,291,10,62,24,10,8,0,0,0,0
apache-commons-imaging-d3b3b534198d2b0b631379515e2b53905b425e70-IptcParser-L460_L472,434,24,24,1,20,11,1,1,0,0,0,0
apache-commons-imaging-d3b3b534198d2b0b631379515e2b53905b425e70-JpegDecoder-L429_L571,33756,122,226,2,135,15,2,2,0,0,0,0
apache-commons-imaging-d3b3b534198d2b0b631379515e2b53905b425e70-JpegImageMetadata-L211_L232,302,158,149,23,43,19,14,7,0,0,0,0
apache-commons-imaging-d3b3b534198d2b0b631379515e2b53905b425e70-JpegImageParser-L171_L177,96,30,55,4,30,16,4,4,0,0,0,0
apache-commons-imaging-d3b3b534198d2b0b631379515e2b53905b425e70-JpegImageParser-L276_L281,9841,129,5555,4,81,23,4,4,0,0,0,0
apache-commons-imaging-d3b3b534198d2b0b631379515e2b53905b425e70-JpegImageParser-L91_L117,717,42,144,2,41,14,2,2,0,0,0,0
apache-commons-imaging-d3b3b534198d2b0b631379515e2b53905b425e70-JpegInputStream-L49_L64,7,4,0,0,3,3,0,0,0,0,0,0
apache-commons-imaging-d3b3b534198d2b0b631379515e2b53905b425e70-MedianCutQuantizer-L123_L137,1794,28,15,2,27,15,2,2,0,0,0,0
apache-commons-imaging-d3b3b534198d2b0b631379515e2b53905b425e70-MedianCutQuantizer-L89_L133,7988,208,293,11,284,50,11,11,0,0,0,0
apache-commons-imaging-d3b3b534198d2b0b631379515e2b53905b425e70-MostPopulatedBoxesMedianCut-L30_L103,6187,98,192,4,200,12,8,4,0,0,0,0
apache-commons-imaging-d3b3b534198d2b0b631379515e2b53905b425e70-MostPopulatedBoxesMedianCut-L30_L105,11929,582,960,12,1487,43,17,9,0,0,0,0
apache-commons-imaging-d3b3b534198d2b0b631379515e2b53905b425e70-PackBits-L85_L113,144,9,0,0,8,8,0,0,0,0,0,0
apache-commons-imaging-d3b3b534198d2b0b631379515e2b53905b425e70-PaletteFactory-L220_L248,6106,9,0,0,8,8,0,0,0,0,0,0
apache-commons-imaging-d3b3b534198d2b0b631379515e2b53905b425e70-PcxImageParser-L257_L357,543,115,258,6,111,19,6,6,0,0,0,0
apache-commons-imaging-d3b3b534198d2b0b631379515e2b53905b425e70-PcxImageParser-L264_L357,645,144,364,3,140,17,3,3,0,0,0,0
apache-commons-imaging-d3b3b534198d2b0b631379515e2b53905b425e70-PcxImageParser-L277_L371,3524,190,1574,4,177,12,2,2,0,0,0,0
apache-commons-imaging-d3b3b534198d2b0b631379515e2b53905b425e70-PhotometricInterpreterPalette-L56_L68,6,3,0,0,3,3,0,0,0,0,0,0
apache-commons-imaging-d3b3b534198d2b0b631379515e2b53905b425e70-PngChunkItxt-L54_L63,7,4,0,0,3,3,0,0,0,0,0,0
apache-commons-imaging-d3b3b534198d2b0b631379515e2b53905b425e70-PngImageParser-L102_L113,876,59,97,7,55,23,7,6,0,0,0,0
apache-commons-imaging-d3b3b534198d2b0b631379515e2b53905b425e70-PngImageParser-L560_L566,1282,85,110,3,53,20,3,3,0,0,0,0
apache-commons-imaging-d3b3b534198d2b0b631379515e2b53905b425e70-PngWriter-L313_L421,12,8,0,0,8,8,0,0,0,0,0,0
apache-commons-imaging-d3b3b534198d2b0b631379515e2b53905b425e70-PngWriter-L320_L421,53,21,30,3,20,14,3,3,0,0,0,0
apache-commons-imaging-d3b3b534198d2b0b631379515e2b53905b425e70-PnmImageParser-L208_L304,91,43,33,2,41,10,2,2,0,0,0,0
apache-commons-imaging-d3b3b534198d2b0b631379515e2b53905b425e70-PsdImageParser-L152_L202,41,15,12,1,14,11,1,1,0,0,0,0
apache-commons-imaging-d3b3b534198d2b0b631379515e2b53905b425e70-T4AndT6Compression-L381_L403,223,9,0,0,8,8,0,0,0,0,0,0
apache-commons-imaging-d3b3b534198d2b0b631379515e2b53905b425e70-T4AndT6Compression-L535_L588,537318,38,48,2,46,18,2,2,0,0,0,0
apache-commons-imaging-d3b3b534198d2b0b631379515e2b53905b425e70-TagInfoGpsText-L81_L98,106,42,34,6,8,8,1,1,0,0,0,0
apache-commons-imaging-d3b3b534198d2b0b631379515e2b53905b425e70-TiffImageParser-L102_L105,665,88,67,3,49,24,3,3,0,0,0,0
apache-commons-imaging-d3b3b534198d2b0b631379515e2b53905b425e70-TiffImageParser-L255_L364,1424,80,37,6,167,38,6,6,0,0,0,0
apache-commons-imaging-d3b3b534198d2b0b631379515e2b53905b425e70-TiffImageParser-L730_L834,1352,50,6,1,169,33,1,1,0,0,0,0
apache-commons-imaging-d3b3b534198d2b0b631379515e2b53905b425e70-TiffImageWriterLossless-L100_L142,4922,478,637,11,281,42,11,11,0,0,0,0
apache-commons-imaging-d3b3b534198d2b0b631379515e2b53905b425e70-TiffImageWriterLossless-L233_L255,1938,212,254,5,122,25,4,4,0,0,0,0
apache-commons-imaging-d3b3b534198d2b0b631379515e2b53905b425e70-TiffImageWriterLossless-L250_L265,1692,182,194,5,252,44,5,5,0,0,0,0
apache-commons-imaging-d3b3b534198d2b0b631379515e2b53905b425e70-TiffOutputSet-L254_L276,16,8,0,0,8,8,0,0,0,0,0,0
apache-commons-imaging-d3b3b534198d2b0b631379515e2b53905b425e70-TiffOutputSet-L254_L278,967,331,486,30,76,24,18,6,0,0,0,0
apache-commons-imaging-d3b3b534198d2b0b631379515e2b53905b425e70-TiffReader-L446_L477,480,93,276,3,92,17,3,3,0,0,0,0
apache-commons-imaging-d3b3b534198d2b0b631379515e2b53905b425e70-TiffTags-L82_L111,1170,51,41,7,49,15,7,7,0,0,0,0
apache-commons-imaging-d3b3b534198d2b0b631379515e2b53905b425e70-WebPImageParser-L143_L154,573,35,0,0,151,28,0,0,4,4,0,0
apache-commons-imaging-d3b3b534198d2b0b631379515e2b53905b425e70-XbmImageParser-L201_L206,10,7,3,1,6,4,1,1,0,0,0,0
apache-commons-imaging-d3b3b534198d2b0b631379515e2b53905b425e70-XbmImageParser-L222_L304,154,30,18,3,30,13,3,3,0,0,0,0
apache-commons-imaging-d3b3b534198d2b0b631379515e2b53905b425e70-XpmImageParser-L292_L305,803,43,11,2,79,27,2,2,0,0,0,0
apache-sling-org-apache-sling-servlets-resolver-75e62e657fc0b2dbbc90287cba23a24116152fce-BundledScriptTracker-L672_L686,633,25,6,1,33,17,1,1,1,1,0,0
apache-sling-org-apache-sling-servlets-resolver-75e62e657fc0b2dbbc90287cba23a24116152fce-BundledScriptTracker-L691_L697,125,18,3,1,32,15,1,1,1,1,0,0
apache-sling-org-apache-sling-servlets-resolver-75e62e657fc0b2dbbc90287cba23a24116152fce-MergingServletResourceProvider-L106_L112,139,25,2,1,8,8,1,1,6,4,6,4
apache-sling-org-apache-sling-servlets-resolver-75e62e657fc0b2dbbc90287cba23a24116152fce-MergingServletResourceProvider-L61_L72,273,68,44,1,79,22,1,1,24,3,22,1
apache-xmlgraphics-commons-d5d782f9fce99774ef206a4a4437fc86f711d9d9-ImageLoaderRawCCITTFax-L76_L140,1109,115,5,1,131,59,1,1,0,0,0,0
apache-xmlgraphics-commons-d5d782f9fce99774ef206a4a4437fc86f711d9d9-PreloaderTIFF-L155_L192,3142,39,4,1,37,24,1,1,0,0,0,0
attoparser-attoparser-e1049dcd8261fe315b679029e711a9f5ea03f1cc-AbstractNestableNode-L197_L202,121,69,38,1,50,25,1,1,18,4,15,1
attoparser-attoparser-e1049dcd8261fe315b679029e711a9f5ea03f1cc-TextUtil-L1112_L1117,10,10,10,2,10,2,2,2,0,0,0,0
attoparser-attoparser-e1049dcd8261fe315b679029e711a9f5ea03f1cc-TextUtil-L1196_L1201,74,5,0,0,5,5,0,0,0,0,0,0
attoparser-attoparser-e1049dcd8261fe315b679029e711a9f5ea03f1cc-TextUtil-L1741_L1746,150,26,20,2,25,7,2,2,0,0,0,0
attoparser-attoparser-e1049dcd8261fe315b679029e711a9f5ea03f1cc-TextUtil-L2080_L2085,1029,8,2,2,7,7,2,2,0,0,0,0
attoparser-attoparser-e1049dcd8261fe315b679029e711a9f5ea03f1cc-TextUtil-L49_L54,150,26,20,2,25,7,2,2,0,0,0,0
attoparser-attoparser-e1049dcd8261fe315b679029e711a9f5ea03f1cc-TextUtil-L899_L904,74,5,0,0,5,5,0,0,0,0,0,0
awslabs-aws-glue-catalog-sync-agent-for-hive-2ba77e5718c5b1988e711fac37966b40665bc385-HiveUtils-L46_L50,609,112,224,2,79,20,2,2,0,0,0,0
Azure-Samples-cassandra-proxy-f184bcaa612808ad9348a629330cc6bc94c13105-Proxy-L190_L217,1685,24,6,1,417,16,1,1,0,0,0,0
Blazemeter-xtn5250-240e00411e0c21995e87f5a36dd0f6fee2929af8-XITDOrd-L58_L66,1,1,0,0,1,1,0,0,0,0,0,0
Blazemeter-xtn5250-240e00411e0c21995e87f5a36dd0f6fee2929af8-XITDOrd-L58_L67,415,93,414,1,93,3,1,1,0,0,0,0
bruceran-krpc-33c83d78574a472e3cbfc75afa87ec57253cc90c-RpcCallableBase-L87_L96,257491,651,167,7,5011,489,2,2,0,0,0,0
datadotworld-dw-jdbc-ac4f7d8a457dce89cbaa9eb33994304e5504fda1-NodeConversions-L124_L133,146,12,3,2,8,8,2,2,0,0,0,0
datadotworld-dw-jdbc-ac4f7d8a457dce89cbaa9eb33994304e5504fda1-Versions-L45_L53,5,5,0,0,5,5,0,0,0,0,0,0
demidenko05-beigesoft-webstore-624d41d82547ff897ca5b3740d8d73cb2dacf052-PrcWebstorePage-L1088_L1098,423,86,121,6,74,22,7,6,14,2,14,2
demidenko05-beigesoft-webstore-624d41d82547ff897ca5b3740d8d73cb2dacf052-PrcWebstorePage-L913_L942,241,6,0,0,6,6,0,0,0,0,0,0
dingjs-javaagent-aa1cea60d0042f58977fb5d42c16afca92ad589d-ClassPoolTail-L384_L389,17699,6,0,0,5,5,0,0,97,2,97,2
dnsjava-dnsjava-206c9e51ac18e1ed6f82beb16cb6c0ff1f83b095-LOCRecord-L145_L164,1038,55,105,2,96,13,2,2,0,0,0,0
dnsjava-dnsjava-206c9e51ac18e1ed6f82beb16cb6c0ff1f83b095-LOCRecord-L179_L184,1031,64,58,16,32,12,14,4,0,0,0,0
dnsjava-dnsjava-206c9e51ac18e1ed6f82beb16cb6c0ff1f83b095-Lookup-L722_L727,567,31,35,4,24,16,3,3,0,0,0,0
dnsjava-dnsjava-206c9e51ac18e1ed6f82beb16cb6c0ff1f83b095-LookupSession-L553_L568,1617,60,14,4,40,22,4,4,0,0,0,0
dnsjava-dnsjava-206c9e51ac18e1ed6f82beb16cb6c0ff1f83b095-Master-L201_L232,1045,58,116,3,58,16,3,3,0,0,0,0
dnsjava-dnsjava-206c9e51ac18e1ed6f82beb16cb6c0ff1f83b095-Message-L405_L425,137,20,0,0,20,12,0,0,0,0,0,0
dnsjava-dnsjava-206c9e51ac18e1ed6f82beb16cb6c0ff1f83b095-NioTcpClient-L175_L197,291,6,0,0,6,6,0,0,0,0,0,0
dnsjava-dnsjava-206c9e51ac18e1ed6f82beb16cb6c0ff1f83b095-NioTcpClient-L84_L107,109,30,14,1,30,18,1,1,0,0,0,0
dnsjava-dnsjava-206c9e51ac18e1ed6f82beb16cb6c0ff1f83b095-NioTcpClient-L99_L106,735,54,34,2,45,24,2,2,0,0,0,0
dnsjava-dnsjava-206c9e51ac18e1ed6f82beb16cb6c0ff1f83b095-NioUdpClient-L183_L194,1260,8,0,0,6,6,0,0,0,0,0,0
dnsjava-dnsjava-206c9e51ac18e1ed6f82beb16cb6c0ff1f83b095-OPTRecord-L209_L213,318,6,0,0,6,6,0,0,0,0,0,0
dnsjava-dnsjava-206c9e51ac18e1ed6f82beb16cb6c0ff1f83b095-TCPClient-L86_L92,59,24,18,2,24,8,2,2,0,0,0,0
dnsjava-dnsjava-206c9e51ac18e1ed6f82beb16cb6c0ff1f83b095-Tokenizer-L270_L350,11,6,0,0,6,6,0,0,0,0,0,0
dnsjava-dnsjava-206c9e51ac18e1ed6f82beb16cb6c0ff1f83b095-Tokenizer-L273_L345,616,192,183,30,117,22,28,10,0,0,0,0
dnsjava-dnsjava-206c9e51ac18e1ed6f82beb16cb6c0ff1f83b095-TypeBitmap-L137_L148,207,8,0,0,6,6,0,0,0,0,0,0
dnsjava-dnsjava-206c9e51ac18e1ed6f82beb16cb6c0ff1f83b095-ValidatingResolver-L1064_L1081,527,103,106,3,71,21,3,3,0,0,0,0
dnsjava-dnsjava-206c9e51ac18e1ed6f82beb16cb6c0ff1f83b095-ValidatingResolver-L1404_L1420,756,45,2,2,45,24,2,2,0,0,0,0
dnsjava-dnsjava-206c9e51ac18e1ed6f82beb16cb6c0ff1f83b095-ValUtils-L136_L205,4687,33,12,1,37,13,1,1,0,0,0,0
dnsjava-dnsjava-206c9e51ac18e1ed6f82beb16cb6c0ff1f83b095-WKSRecord-L630_L645,264,26,40,2,22,10,2,2,0,0,0,0
dnsjava-dnsjava-206c9e51ac18e1ed6f82beb16cb6c0ff1f83b095-Zone-L104_L117,529,16,18,2,15,12,2,2,0,0,0,0
dnsjava-dnsjava-206c9e51ac18e1ed6f82beb16cb6c0ff1f83b095-Zone-L288_L309,3149,32,5,1,22,18,1,1,0,0,0,0
EXIficient-exificient-core-fce10c39fe654c9ae9660454ac6d6d2abc6a48ac-AbstractBuiltInContent-L62_L73,1660,5,0,0,5,5,0,0,0,0,0,0
EXIficient-exificient-core-fce10c39fe654c9ae9660454ac6d6d2abc6a48ac-AbstractEXIBodyDecoder-L367_L395,1034,80,63,3,53,19,3,3,0,0,0,0
EXIficient-exificient-core-fce10c39fe654c9ae9660454ac6d6d2abc6a48ac-AbstractSchemaInformedGrammar-L159_L232,2552,18,0,0,7,7,0,0,0,0,0,0
EXIficient-exificient-core-fce10c39fe654c9ae9660454ac6d6d2abc6a48ac-QNameUtilities-L117_L129,1476,151,150,18,46,20,10,6,0,0,0,0
fabric8io-docker-maven-plugin-40371e754a6f3122af6d3019508c364627580935-AnsiLogger-L305_L320,92,69,67,18,26,14,11,6,0,0,0,0
fabric8io-docker-maven-plugin-40371e754a6f3122af6d3019508c364627580935-AnsiLogger-L309_L318,53,44,37,15,22,14,12,6,0,0,0,0
fabric8io-docker-maven-plugin-40371e754a6f3122af6d3019508c364627580935-AssemblyFiles-L98_L106,24,10,8,1,9,9,1,1,0,0,0,0
fabric8io-docker-maven-plugin-40371e754a6f3122af6d3019508c364627580935-AuthConfigFactory-L320_L350,73582,276,3,1,285,114,1,1,6,2,0,0
fabric8io-docker-maven-plugin-40371e754a6f3122af6d3019508c364627580935-AuthConfigFactory-L403_L417,1,1,0,0,1,1,0,0,0,0,0,0
fabric8io-docker-maven-plugin-40371e754a6f3122af6d3019508c364627580935-AuthConfigList-L35_L40,16,9,1,1,8,8,1,1,0,0,0,0
fabric8io-docker-maven-plugin-40371e754a6f3122af6d3019508c364627580935-AwsSdkAuthConfigFactory-L41_L50,1,1,0,0,1,1,0,0,0,0,0,0
fabric8io-docker-maven-plugin-40371e754a6f3122af6d3019508c364627580935-AwsSigner4Request-L195_L198,1768,113,1395,10,75,24,10,5,0,0,0,0
fabric8io-docker-maven-plugin-40371e754a6f3122af6d3019508c364627580935-BuildImageConfiguration-L320_L324,4929,98,2653,4,60,20,4,4,0,0,0,0
fabric8io-docker-maven-plugin-40371e754a6f3122af6d3019508c364627580935-CopyConfiguration-L124_L138,695,7,0,0,6,6,0,0,0,0,0,0
fabric8io-docker-maven-plugin-40371e754a6f3122af6d3019508c364627580935-CopyConfiguration-L72_L80,137,44,42,6,24,17,4,4,1,1,1,1
fabric8io-docker-maven-plugin-40371e754a6f3122af6d3019508c364627580935-CopyConfiguration-L74_L78,84,35,27,3,9,9,1,1,0,0,0,0
fabric8io-docker-maven-plugin-40371e754a6f3122af6d3019508c364627580935-CopyMojo-L137_L157,6190,263,260,3,182,28,3,3,0,0,0,0
fabric8io-docker-maven-plugin-40371e754a6f3122af6d3019508c364627580935-DockerAssemblyConfigurationSource-L320_L325,176,30,24,3,13,10,1,1,0,0,0,0
fabric8io-docker-maven-plugin-40371e754a6f3122af6d3019508c364627580935-DockerAssemblyManager-L393_L400,2518,39,60,2,42,13,2,2,0,0,0,0
fabric8io-docker-maven-plugin-40371e754a6f3122af6d3019508c364627580935-DockerComposeServiceWrapper-L326_L347,311,105,108,2,78,18,2,2,12,2,12,2
fabric8io-docker-maven-plugin-40371e754a6f3122af6d3019508c364627580935-DockerComposeServiceWrapper-L389_L398,490,45,37,4,36,13,4,4,0,0,0,0
fabric8io-docker-maven-plugin-40371e754a6f3122af6d3019508c364627580935-DockerConnectionDetector-L174_L183,17,10,10,1,10,8,1,1,0,0,0,0
fabric8io-docker-maven-plugin-40371e754a6f3122af6d3019508c364627580935-DockerFileBuilder-L138_L153,35,10,0,0,6,6,0,0,0,0,0,0
fabric8io-docker-maven-plugin-40371e754a6f3122af6d3019508c364627580935-DockerFileBuilder-L231_L236,105,33,70,7,34,18,7,4,0,0,0,0
fabric8io-docker-maven-plugin-40371e754a6f3122af6d3019508c364627580935-DockerFileBuilder-L267_L294,671,237,623,38,131,25,34,7,0,0,0,0
fabric8io-docker-maven-plugin-40371e754a6f3122af6d3019508c364627580935-DockerFileUtil-L200_L204,479,8,2,1,8,8,1,1,0,0,0,0
fabric8io-docker-maven-plugin-40371e754a6f3122af6d3019508c364627580935-DockerFileUtil-L264_L278,4024,88,79,4,27,11,1,1,0,0,0,0
fabric8io-docker-maven-plugin-40371e754a6f3122af6d3019508c364627580935-DockerFileUtil-L68_L75,1658,36,22,3,39,13,2,2,0,0,0,0
fabric8io-docker-maven-plugin-40371e754a6f3122af6d3019508c364627580935-DockerPathUtil-L40_L55,10,7,0,0,6,6,0,0,0,0,0,0
fabric8io-docker-maven-plugin-40371e754a6f3122af6d3019508c364627580935-EnvUtil-L283_L298,283,41,31,5,9,9,1,1,4,2,1,1
fabric8io-docker-maven-plugin-40371e754a6f3122af6d3019508c364627580935-EnvUtil-L355_L371,167,78,114,14,50,16,10,7,0,0,0,0
fabric8io-docker-maven-plugin-40371e754a6f3122af6d3019508c364627580935-ExternalCommand-L90_L97,256,60,30,2,38,14,2,2,0,0,0,0
fabric8io-docker-maven-plugin-40371e754a6f3122af6d3019508c364627580935-FormatParameterReplacer-L26_L31,208,9,3,3,9,7,3,1,0,0,0,0
fabric8io-docker-maven-plugin-40371e754a6f3122af6d3019508c364627580935-HttpPingChecker-L95_L126,81,45,0,0,9,9,0,0,0,0,0,0
fabric8io-docker-maven-plugin-40371e754a6f3122af6d3019508c364627580935-ImageArchiveManifestEntryAdapter-L30_L45,12,6,0,0,6,6,0,0,0,0,0,0
fabric8io-docker-maven-plugin-40371e754a6f3122af6d3019508c364627580935-ImageArchiveUtil-L85_L90,2066,25,2,1,31,17,1,1,0,0,0,0
fabric8io-docker-maven-plugin-40371e754a6f3122af6d3019508c364627580935-ImageNameFormatter-L222_L249,335,68,305,16,38,20,13,7,0,0,0,0
fabric8io-docker-maven-plugin-40371e754a6f3122af6d3019508c364627580935-ImageName-L123_L129,111,38,93,10,25,17,10,8,0,0,0,0
fabric8io-docker-maven-plugin-40371e754a6f3122af6d3019508c364627580935-ImageName-L124_L127,46,34,27,9,19,11,9,5,0,0,0,0
fabric8io-docker-maven-plugin-40371e754a6f3122af6d3019508c364627580935-ImageName-L249_L266,685,10,2,1,8,7,1,1,0,0,0,0
fabric8io-docker-maven-plugin-40371e754a6f3122af6d3019508c364627580935-ImageName-L260_L264,127,68,67,13,34,17,11,6,0,0,0,0
fabric8io-docker-maven-plugin-40371e754a6f3122af6d3019508c364627580935-ImageName-L260_L265,529,30,25,5,23,16,4,4,0,0,0,0
fabric8io-docker-maven-plugin-40371e754a6f3122af6d3019508c364627580935-JibServiceUtil-L347_L358,75,23,56,8,22,8,8,1,0,0,0,0
fabric8io-docker-maven-plugin-40371e754a6f3122af6d3019508c364627580935-LogRequestor-L130_L135,85,22,84,1,22,4,1,1,0,0,0,0
fabric8io-docker-maven-plugin-40371e754a6f3122af6d3019508c364627580935-MappingTrackArchiver-L133_L148,6,6,0,0,6,6,0,0,0,0,0,0
fabric8io-docker-maven-plugin-40371e754a6f3122af6d3019508c364627580935-MojoExecutionService-L108_L112,1,1,0,0,1,1,0,0,0,0,0,0
fabric8io-docker-maven-plugin-40371e754a6f3122af6d3019508c364627580935-NamePatternUtil-L51_L72,758,25,18,13,22,16,13,8,0,0,0,0
fabric8io-docker-maven-plugin-40371e754a6f3122af6d3019508c364627580935-NamePatternUtil-L51_L74,852,133,188,25,55,40,20,17,0,0,0,0
fabric8io-docker-maven-plugin-40371e754a6f3122af6d3019508c364627580935-PortMapping-L282_L293,2233,43,36,8,8,8,1,1,2,2,2,2
fabric8io-docker-maven-plugin-40371e754a6f3122af6d3019508c364627580935-PortMapping-L306_L325,1589,65,58,5,8,8,1,1,12,5,12,5
fabric8io-docker-maven-plugin-40371e754a6f3122af6d3019508c364627580935-PortMapping-L393_L397,48,6,0,0,6,6,0,0,0,0,0,0
fabric8io-docker-maven-plugin-40371e754a6f3122af6d3019508c364627580935-RunService-L354_L360,1817,136,101,4,69,29,4,4,0,0,0,0
fabric8io-docker-maven-plugin-40371e754a6f3122af6d3019508c364627580935-RunService-L402_L407,1264,30,24,4,14,10,1,1,0,0,0,0
fabric8io-docker-maven-plugin-40371e754a6f3122af6d3019508c364627580935-RunService-L472_L481,911,129,130,3,132,24,3,3,0,0,0,0
fabric8io-docker-maven-plugin-40371e754a6f3122af6d3019508c364627580935-RunService-L474_L480,111,36,16,1,15,12,1,1,0,0,0,0
fabric8io-docker-maven-plugin-40371e754a6f3122af6d3019508c364627580935-RunService-L680_L690,3927,86,2562,2,48,16,2,2,0,0,0,0
fabric8io-docker-maven-plugin-40371e754a6f3122af6d3019508c364627580935-SaveMojo-L157_L161,2329,99,186,4,59,21,4,4,0,0,0,0
fabric8io-docker-maven-plugin-40371e754a6f3122af6d3019508c364627580935-SaveMojo-L97_L105,14,12,10,4,5,3,2,1,0,0,0,0
fabric8io-docker-maven-plugin-40371e754a6f3122af6d3019508c364627580935-StartContainerExecutor-L65_L77,33,6,0,0,6,6,0,0,0,0,0,0
fabric8io-docker-maven-plugin-40371e754a6f3122af6d3019508c364627580935-StartOrderResolver-L102_L108,704,60,40,4,43,25,3,3,16,5,13,2
fabric8io-docker-maven-plugin-40371e754a6f3122af6d3019508c364627580935-StartOrderResolver-L43_L50,1605,18,10,4,16,10,4,4,0,0,0,0
fabric8io-docker-maven-plugin-40371e754a6f3122af6d3019508c364627580935-StartOrderResolver-L78_L81,117,24,16,3,7,7,1,1,1,1,1,1
fabric8io-docker-maven-plugin-40371e754a6f3122af6d3019508c364627580935-StopMojo-L259_L271,122,35,20,1,9,9,1,1,7,3,7,3
fabric8io-docker-maven-plugin-40371e754a6f3122af6d3019508c364627580935-TcpPortChecker-L40_L50,36,16,1,1,10,10,1,1,10,2,9,1
fabric8io-docker-maven-plugin-40371e754a6f3122af6d3019508c364627580935-UrlBuilder-L276_L283,3484,31,23,23,30,9,23,2,0,0,0,0
fabric8io-docker-maven-plugin-40371e754a6f3122af6d3019508c364627580935-ValueProvider-L351_L364,890,167,195,4,97,23,3,3,0,0,0,0
fabric8io-docker-maven-plugin-40371e754a6f3122af6d3019508c364627580935-WaitService-L104_L128,136,31,1,1,9,9,1,1,0,0,0,0
fabric8io-docker-maven-plugin-40371e754a6f3122af6d3019508c364627580935-WatchService-L80_L98,3132,61,48,5,43,21,5,5,0,0,0,0
googleapis-disco-to-proto3-converter-32cf5993853b1218e97e54c556f3922f49014eb8-CommonAcronyms-L96_L126,851,17,0,0,9,9,0,0,0,0,0,0
googleapis-disco-to-proto3-converter-32cf5993853b1218e97e54c556f3922f49014eb8-ConverterApp-L97_L108,1842,95,51,2,210,43,2,2,0,0,0,0
googleapis-disco-to-proto3-converter-32cf5993853b1218e97e54c556f3922f49014eb8-DocumentToProtoConverter-L151_L193,706,35,15,1,13,9,1,1,0,0,0,0
googleapis-disco-to-proto3-converter-32cf5993853b1218e97e54c556f3922f49014eb8-DocumentToProtoConverter-L363_L512,669,289,329,5,184,34,5,5,0,0,0,0
googleapis-disco-to-proto3-converter-32cf5993853b1218e97e54c556f3922f49014eb8-DocumentToProtoConverter-L377_L512,555,167,172,3,92,25,3,3,0,0,0,0
googleapis-disco-to-proto3-converter-32cf5993853b1218e97e54c556f3922f49014eb8-DocumentToProtoConverter-L529_L673,1030,316,600,4,240,24,3,3,4,1,0,0
googleapis-disco-to-proto3-converter-32cf5993853b1218e97e54c556f3922f49014eb8-Method-L63_L68,252,70,52,1,12,11,1,1,13,2,13,2
googleapis-disco-to-proto3-converter-32cf5993853b1218e97e54c556f3922f49014eb8-Proto3Writer-L134_L190,1176,106,140,4,68,16,4,4,0,0,0,0
IBlogLab-enhance-gateway-9b175549c6f9228096be92424c712e07686e9e4b-LoggingRecordMongoDAO-L228_L281,4089,217,154,17,325,58,9,9,0,0,0,0
Isaac315-sql-translator-78f3fb0091c94563a640ef672de3e75e2b5c3bb2-OracleToMySqlOutputVisitor-L288_L342,3287,548,103,2,106,30,2,2,0,0,0,0
jahlborn-jackcess-22bf8a8642c84fc500f5c66ef59de1f7211f93a3-CustomToStringStyle-L152_L166,79,6,0,0,5,5,0,0,0,0,0,0
jahlborn-jackcess-22bf8a8642c84fc500f5c66ef59de1f7211f93a3-DatabaseImpl-L1400_L1441,1969,88,2,1,31,21,1,1,0,0,0,0
jahlborn-jackcess-22bf8a8642c84fc500f5c66ef59de1f7211f93a3-DatabaseImpl-L480_L487,15,8,10,1,8,8,1,1,0,0,0,0
jahlborn-jackcess-22bf8a8642c84fc500f5c66ef59de1f7211f93a3-ExportUtil-L300_L320,750,66,60,3,41,14,3,3,0,0,0,0
jahlborn-jackcess-22bf8a8642c84fc500f5c66ef59de1f7211f93a3-ExpressionTokenizer-L584_L587,180,37,151,2,36,10,2,2,0,0,0,0
jahlborn-jackcess-22bf8a8642c84fc500f5c66ef59de1f7211f93a3-FKEnforcer-L118_L140,14077,100,61,1,32,18,1,1,0,0,0,0
jahlborn-jackcess-22bf8a8642c84fc500f5c66ef59de1f7211f93a3-FKEnforcer-L123_L138,9787,46,40,6,43,13,6,6,0,0,0,0
jahlborn-jackcess-22bf8a8642c84fc500f5c66ef59de1f7211f93a3-FKEnforcer-L182_L214,13287,319,2773,3,1188,28,3,3,0,0,0,0
jahlborn-jackcess-22bf8a8642c84fc500f5c66ef59de1f7211f93a3-ImportUtil-L180_L184,8815,71,13,1,35,18,1,1,0,0,0,0
jahlborn-jackcess-22bf8a8642c84fc500f5c66ef59de1f7211f93a3-ImportUtil-L515_L572,1379,122,120,10,50,16,8,7,0,0,0,0
jahlborn-jackcess-22bf8a8642c84fc500f5c66ef59de1f7211f93a3-ImportUtil-L518_L556,999,168,180,11,94,23,7,4,0,0,0,0
jahlborn-jackcess-22bf8a8642c84fc500f5c66ef59de1f7211f93a3-IndexBuilder-L196_L203,1840,7,0,0,5,5,0,0,0,0,0,0
jahlborn-jackcess-22bf8a8642c84fc500f5c66ef59de1f7211f93a3-IndexData-L2232_L2252,282,10,0,0,6,6,0,0,0,0,0,0
jahlborn-jackcess-22bf8a8642c84fc500f5c66ef59de1f7211f93a3-IndexData-L465_L476,3509,140,107,1,59,15,1,1,0,0,0,0
jahlborn-jackcess-22bf8a8642c84fc500f5c66ef59de1f7211f93a3-OleUtil-L116_L158,344,42,0,0,60,10,0,0,0,0,0,0
jahlborn-jackcess-22bf8a8642c84fc500f5c66ef59de1f7211f93a3-PropertyMaps-L223_L241,7433,219,200,5,138,31,5,5,0,0,0,0
jahlborn-jackcess-22bf8a8642c84fc500f5c66ef59de1f7211f93a3-RelationshipCreator-L287_L296,403,112,150,3,73,19,3,3,0,0,0,0
jai-imageio-jai-imageio-core-f81bc1ab19faa210ad289c6ae2588bc1157fd07a-PNMImageWriter-L148_L153,1100,12,0,0,5,5,0,0,0,0,0,0
jai-imageio-jai-imageio-core-f81bc1ab19faa210ad289c6ae2588bc1157fd07a-PNMImageWriter-L388_L392,355,32,20,2,29,18,2,2,0,0,0,0
jai-imageio-jai-imageio-core-f81bc1ab19faa210ad289c6ae2588bc1157fd07a-TIFFBaseJPEGCompressor-L377_L389,2172,122,117,2,122,7,2,2,0,0,0,0
jai-imageio-jai-imageio-core-f81bc1ab19faa210ad289c6ae2588bc1157fd07a-TIFFImageMetadata-L1615_L1627,27930,140,133,5,88,29,4,4,0,0,0,0
jai-imageio-jai-imageio-core-f81bc1ab19faa210ad289c6ae2588bc1157fd07a-TIFFImageReader-L1488_L1510,3982,72,53,5,58,18,5,5,17,2,16,1
jai-imageio-jai-imageio-core-f81bc1ab19faa210ad289c6ae2588bc1157fd07a-TIFFImageReader-L182_L216,181,11,3,2,8,7,2,2,0,0,0,0
jai-imageio-jai-imageio-core-f81bc1ab19faa210ad289c6ae2588bc1157fd07a-TIFFOldJPEGDecompressor-L352_L418,14112,43,84,2,41,11,2,2,0,0,0,0
jenkins-infra-update-center2-5b1203f26470aa07d226974b599e53315a270a92-BaseMavenRepository-L59_L72,64797,25,28,1,16,10,1,1,0,0,0,0
jenkins-infra-update-center2-5b1203f26470aa07d226974b599e53315a270a92-GitHubSource-L117_L125,777,60,0,0,115,34,0,0,0,0,0,0
jenkins-infra-update-center2-5b1203f26470aa07d226974b599e53315a270a92-GitHubSource-L132_L159,420,88,20,1,103,44,1,1,0,0,0,0
jenkins-infra-update-center2-5b1203f26470aa07d226974b599e53315a270a92-GitHubSource-L135_L158,588,73,20,1,131,38,1,1,0,0,0,0
jenkins-infra-update-center2-5b1203f26470aa07d226974b599e53315a270a92-GitHubSource-L76_L159,56,34,16,1,20,18,2,1,0,0,0,0
jenkins-infra-update-center2-5b1203f26470aa07d226974b599e53315a270a92-HPI-L189_L199,188,95,5,1,41,33,1,1,0,0,0,0
jenkins-infra-update-center2-5b1203f26470aa07d226974b599e53315a270a92-HPI-L584_L605,2114,600,592,1,86,13,1,1,144,2,144,2
jenkins-infra-update-center2-5b1203f26470aa07d226974b599e53315a270a92-Main-L185_L199,2623,652,1040,3,465,15,3,3,0,0,0,0
jenkins-infra-update-center2-5b1203f26470aa07d226974b599e53315a270a92-Plugin-L79_L134,1157,129,0,0,57,40,0,0,1,1,1,1
jenkins-infra-update-center2-5b1203f26470aa07d226974b599e53315a270a92-Signer-L180_L205,774,158,161,4,105,21,4,4,0,0,0,0
jenkins-infra-update-center2-5b1203f26470aa07d226974b599e53315a270a92-Signer-L89_L98,8,8,3,1,8,8,1,1,0,0,0,0
jtidy-jtidy-aade7c5a6c1007d013859ac95378a2d469f5e254-Clean-L1828_L1842,748,211,721,1,211,7,1,1,0,0,0,0
keighrim-mae-annotation-a4bf15aaad14f80b4c6a076bd01c58f6e4d07000-AnnotationFilesIndexer-L50_L61,1087,5,0,0,5,5,0,0,0,0,0,0
keighrim-mae-annotation-a4bf15aaad14f80b4c6a076bd01c58f6e4d07000-DTDLoader-L244_L293,34583,449,0,0,1194,219,0,0,0,0,0,0
lastaflute-lastaflute-01201e2eee995053bf6f9febcf58ace01ed38c30-ActionFormMapper-L968_L982,0,0,0,0,0,0,0,0,0,0,0,0
lastaflute-lastaflute-01201e2eee995053bf6f9febcf58ace01ed38c30-ActionPathResolver-L179_L243,736,334,572,67,230,35,46,10,0,0,0,0
lastaflute-lastaflute-01201e2eee995053bf6f9febcf58ace01ed38c30-ActionPathResolver-L179_L245,757,317,494,67,216,36,46,12,0,0,0,0
lastaflute-lastaflute-01201e2eee995053bf6f9febcf58ace01ed38c30-ActionPathResolver-L603_L641,155,52,46,16,29,13,15,5,0,0,0,0
lastaflute-lastaflute-01201e2eee995053bf6f9febcf58ace01ed38c30-ActionPathResolver-L605_L632,71,22,28,6,19,17,5,5,0,0,0,0
lastaflute-lastaflute-01201e2eee995053bf6f9febcf58ace01ed38c30-ActionRoutingByPathParamDeterminer-L184_L216,22,9,4,4,7,7,2,2,0,0,0,0
lastaflute-lastaflute-01201e2eee995053bf6f9febcf58ace01ed38c30-ActionValidator-L505_L526,703,229,225,3,112,27,3,3,0,0,0,0
lastaflute-lastaflute-01201e2eee995053bf6f9febcf58ace01ed38c30-FormCoinsHelper-L218_L224,102,58,72,5,39,18,4,3,0,0,0,0
lastaflute-lastaflute-01201e2eee995053bf6f9febcf58ace01ed38c30-FormCoinsHelper-L238_L243,5,5,0,0,5,5,0,0,0,0,0,0
logpresso-CVE-2021-44228-Scanner-35c37dd6941d6b77d103229302cadd473b97a816-Detector-L270_L301,5464,13,5,1,7,7,1,1,0,0,0,0
monkeymq-jgossip-4bfc8e791381f70d62ea4ad6d8ae952da840dd0d-GossipManager-L553_L559,282,123,149,3,81,18,4,4,3,1,3,1
narupley-not-going-to-be-commons-ssl-346bb4e8481316687a643219800a398ecd8f62a8-HostnameVerifier-L273_L317,33,5,0,0,5,5,0,0,0,0,0,0
narupley-not-going-to-be-commons-ssl-346bb4e8481316687a643219800a398ecd8f62a8-KeyStoreBuilder-L363_L460,38744,108,70,9,118,36,7,7,0,0,0,0
narupley-not-going-to-be-commons-ssl-346bb4e8481316687a643219800a398ecd8f62a8-Util-L176_L179,98,23,16,2,21,10,2,2,0,0,0,0
Neop-mudmap2-070650853bc37663525f0d62fb54a029e364eafd-WorldFileJSON-L208_L368,52,14,1,1,11,11,1,1,0,0,0,0
nothingax-micro-DB-1bbae368f7670f94130606fa65bcbc8ccbb89b98-BPTreeLeafPage-L93_L107,148,34,21,3,27,10,3,3,0,0,0,0
OWASP-json-sanitizer-fc612ab374de73d03864d56fb87b6a103b234489-JsonSanitizer-L1004_L1018,147,130,124,2,84,9,2,2,0,0,0,0
package-url-packageurl-java-47351deccffb9394df42b913f59ffc00741af0b6-PackageURL-L400_L429,118,82,98,29,15,13,9,7,0,0,0,0
package-url-packageurl-java-47351deccffb9394df42b913f59ffc00741af0b6-PackageURL-L521_L594,301,240,293,15,94,19,9,9,0,0,0,0
sbesada-java.math.numerical.library-a2f18eda6de69c937183771d3b1f268e606a8871-CalcEigenvaule-L426_L435,8981,69,1555,2,60,9,2,2,0,0,0,0
sbesada-java.math.numerical.library-a2f18eda6de69c937183771d3b1f268e606a8871-EquationSystem-L31_L36,19025514,15,8,2,14,8,2,2,0,0,0,0
smola-galimatias-0771a10ef5021181fc172b95ac39e9f4c7ada2e8-Domain-L193_L257,4821,26,44,4,22,11,4,4,0,0,0,0
smola-galimatias-0771a10ef5021181fc172b95ac39e9f4c7ada2e8-FormURLEncodedParser-L74_L79,10,5,0,0,5,5,0,0,0,0,0,0
sorra-TraceSonar-53ece361e0e14027d803ecbeb9f3fea76f7176ff-ArgsParser-L37_L66,367,70,100,4,44,14,3,3,0,0,0,0
StaticBeagle-ETK4J-393c622d01b9abfcead5c9c0973b4557173502e2-LUDecomposition-L176_L181,28,5,0,0,5,5,0,0,0,0,0,0
tvesalainen-bcc-8bfbb307418a422d57370b2df12fdfb1126f3407-ClassFile-L446_L467,281,118,133,3,70,14,2,2,0,0,0,0
uber-common-jvm-profiler-07ecfce5bbae89cae1415296d4c6eb7cdd7b7dfa-StringUtils-L183_L224,626,120,512,25,53,26,22,12,0,0,0,0